FROM Side→,,CTX binned data 6 module arrangement,,TO Side→,1,1,1,1,1,1,1,1,1,1,1,1,1,1,1,1,1,1,1,1,1,1,1,1,1,1,1,1,1,1,1,1,1,1,1,1,1,1,1,1,1,1,1,1,1,1,1,1,1,1,1,1,1,1,1,1,1,1,1,1,1,1,1,1,1,1,1,1,1,1,1,1,1,1,1,1,1,2,2,2,2,2,2,2,2,2,2,2,2,2,2,2,2,2,2,2,2,2,2,2,2,2,2,2,2,2,2,2,2,2,2,2,2,2,2,2,2,2,2,2,2,2,2,2,2,2,2,2,2,2,2,2,2,2,2,2,2,2,2,2,2,2,2,2,2,2,2,2,2,2,2,2,2,2
,,Cerebral Cortex Region,,,MODULE 1,,,,,,,,,,,,,,,,,,,,,MODULE 2,,,,,,,,,,,,,,,,,,,,,,,,,,,,,,,,,,,,,,,,,MODULE 3,,,,,,,,,,,,,,,MODULE 1,,,,,,,,,,,,,,,,,,,,,MODULE 2,,,,,,,,,,,,,,,,,,,,,,,,,,,,,,,,,,,,,,,,,MODULE 3,,,,,,,,,,,,,,
,,#,Name,Abbr.,ECT,VISp,VISal,TEa,VISpm,SSs,VISam,VISrl,SSp,AUDv,6b,MOp,VISlm,AUDp,PTLp,AUDpo,VISpl,AUDd,VISli,VISll,VISlla,ENTl,ORBm,PERI,PIR,LA,AIp,PL,BLAp,ENTm,EPd,ILA,BLAa,COApm,AIv,CA1v,VISC,AId,AOA,TR,GU,EPv,PAA,NLOT,BMAp,SUBv,BMAa,CA3,COApl,COAa,NLOT3,CA1d,TTd,SUBd,PA,MOB,TTv,DG,CA2,IG,AOB,FC,MOs,RSPd,CLA,ACAv,ORBv,RSPv.a,ACAd,ORBvl,RSPv.b/c,PAR,POST,RSPagl,PRE,ORBl,RSPv,ECT,VISp,VISal,TEa,VISpm,SSs,VISam,VISrl,SSp,AUDv,6b,MOp,VISlm,AUDp,PTLp,AUDpo,VISpl,AUDd,VISli,VISll,VISlla,ENTl,ORBm,PERI,PIR,LA,AIp,PL,BLAp,ENTm,EPd,ILA,BLAa,COApm,AIv,CA1v,VISC,AId,AOA,TR,GU,EPv,PAA,NLOT,BMAp,SUBv,BMAa,CA3,COApl,COAa,NLOT3,CA1d,TTd,SUBd,PA,MOB,TTv,DG,CA2,IG,AOB,FC,MOs,CLA,RSPd,ACAv,ORBv,ACAd,RSPv.a,RSPv.b/c,POST,RSPagl,PAR,PRE,ORBl,ORBvl,RSPv
1,MODULE 1,1,Ectorhinal area,ECT,0,7,4,7,4,5,4,4,2,7,6,1,3,6,6,6,5,6,4,5,4,3,5,4,2,7,6,6,4,2,4,6,7,0,5,1,5,5,0,2,5,2,0,0,1,3,0,0,1,0,0,1,1,3,0,0,1,0,0,0,0,0,5,0,5,0,4,0,5,5,0,6,7,2,2,5,0,6,0,0,6,0,0,0,0,0,0,0,0,0,0,1,0,0,0,0,0,0,0,0,0,0,1,0,0,0,0,0,0,0,0,0,0,0,0,0,0,0,0,0,0,0,0,0,0,0,0,0,0,0,0,0,0,0,0,0,0,0,0,2,0,3,0,0,0,1,0,0,0,5,0,0,0,0
1,,2,Primary visual area,VISp,3,0,7,6,6,0,6,6,3,0,6,1,6,1,4,2,6,3,6,6,3,1,0,0,0,0,0,0,0,2,0,0,0,0,0,0,0,0,0,0,0,0,0,0,0,0,0,0,0,0,0,0,0,0,0,0,0,0,0,0,0,0,4,3,2,0,0,2,4,0,0,4,4,2,6,0,0,0,5,6,0,5,0,3,3,0,0,0,0,6,0,2,0,0,0,0,0,0,0,0,0,0,0,0,0,0,0,0,0,0,0,0,0,0,0,0,0,0,0,0,0,0,0,0,0,0,0,0,0,0,0,0,0,0,0,0,0,0,0,0,0,0,0,0,0,0,0,0,0,0,0,0,0,0
1,,3,Anterolateral visual area,VISal,6,6,0,3,0,0,7,7,4,2,3,3,7,4,6,1,6,5,6,0,3,1,0,1,0,0,0,0,0,1,0,0,0,0,0,0,0,0,0,0,0,0,0,0,0,0,0,0,0,0,0,0,0,0,0,0,0,0,0,0,0,0,4,4,2,0,3,0,2,3,0,0,3,3,0,0,0,0,2,6,0,0,0,3,0,0,0,0,1,0,0,2,0,0,0,0,0,0,0,0,0,0,0,0,0,0,0,0,0,0,0,0,0,0,0,0,0,0,0,0,0,0,0,0,0,0,0,0,0,0,0,0,0,0,0,0,0,0,0,0,0,2,0,0,0,0,0,0,0,0,0,0,0,0
1,,4,Temporal association areas,TEa,7,2,2,0,3,6,2,3,2,6,6,3,1,5,4,6,2,3,2,2,2,3,0,6,0,7,2,3,4,2,0,3,4,1,0,0,3,0,0,0,0,0,0,0,0,0,0,0,0,0,0,0,0,0,0,0,0,0,0,0,0,0,3,2,2,0,2,2,3,0,2,1,0,4,1,2,0,2,0,0,6,0,0,0,0,0,1,0,0,0,0,0,0,0,0,0,0,0,0,0,2,0,3,0,0,0,0,0,0,0,0,0,0,0,0,0,0,0,0,0,0,0,0,0,0,0,0,0,0,0,0,0,0,0,0,0,0,0,0,0,0,0,0,0,0,0,0,0,0,0,0,0,0,0
1,,5,Posteromedial visual area,VISpm,6,6,6,4,0,0,4,4,3,6,4,0,0,4,3,7,6,4,6,0,0,1,0,0,0,0,3,0,0,0,0,0,0,0,0,0,0,0,0,0,0,0,0,0,0,0,0,0,0,0,0,0,0,0,0,0,0,0,0,0,0,0,0,7,3,3,0,3,5,3,6,4,4,2,4,0,3,0,4,6,0,6,0,2,0,0,0,0,0,0,0,2,0,0,0,0,0,0,0,0,0,0,0,0,0,0,0,0,0,0,0,0,0,0,0,0,0,0,0,0,0,0,0,0,0,0,0,0,0,0,0,0,0,0,0,0,0,0,0,0,4,3,0,0,0,0,0,0,0,0,0,0,0,0
1,,6,Supplemental somatosensory area,SSs,4,4,4,7,0,0,3,5,6,4,4,6,0,4,5,3,0,4,0,0,0,1,1,5,0,3,6,0,0,1,1,0,3,0,3,0,7,4,0,0,4,0,0,0,0,0,0,0,0,0,0,0,0,0,0,0,0,0,0,0,0,0,4,0,4,0,4,0,4,4,0,0,0,0,0,4,0,0,0,0,0,0,6,0,0,0,0,0,0,0,0,3,0,0,0,0,0,0,0,0,0,0,0,0,0,0,0,0,0,0,0,0,0,0,0,0,0,0,0,0,0,0,0,0,0,0,0,0,0,0,0,0,0,0,0,0,0,0,0,0,0,0,0,0,0,0,0,0,0,0,0,0,0,0
1,,7,Anteromedial visual area,VISam,6,6,6,5,6,2,0,6,5,0,4,4,2,3,4,0,6,2,5,4,5,2,0,3,0,0,0,0,0,1,0,0,0,0,0,0,0,0,0,0,0,0,0,0,0,0,0,0,0,0,0,0,0,0,0,0,0,0,0,0,0,0,5,4,4,0,0,3,4,4,0,0,4,2,3,0,3,0,0,0,0,5,0,0,0,0,0,0,4,0,0,2,0,0,0,0,0,0,0,0,0,0,0,0,0,0,0,0,0,0,0,0,0,0,0,0,0,0,0,0,0,0,0,0,0,0,0,0,0,0,0,0,0,0,0,0,0,0,0,0,0,0,0,0,0,2,0,0,0,0,0,0,0,0
1,,8,Rostrolateral visual area,VISrl,0,6,6,0,0,2,4,0,0,0,0,3,6,0,4,2,4,2,4,0,0,0,0,0,0,0,0,0,0,0,0,0,0,0,0,0,0,0,0,0,0,0,0,0,0,0,0,0,0,0,0,0,0,0,0,0,0,0,0,0,0,0,3,0,0,1,2,0,3,0,0,0,0,0,0,2,0,0,4,0,0,0,0,0,0,0,0,0,0,0,0,0,0,0,0,0,0,0,0,0,0,0,0,0,0,0,0,0,0,0,0,0,0,0,0,0,0,0,0,0,0,0,0,0,0,0,0,0,0,0,0,0,0,0,0,0,0,0,0,0,0,0,0,0,0,0,0,0,0,0,0,0,0,0
1,,9,Primary somatosensory area,SSp,4,3,4,2,1,4,4,4,0,3,3,6,0,3,5,2,0,3,0,0,0,1,0,4,0,0,5,0,0,1,0,0,0,0,0,0,5,1,0,0,0,0,0,0,0,0,0,0,0,0,0,0,0,0,0,0,0,0,0,0,0,0,6,1,4,0,0,0,1,0,0,0,0,1,0,0,0,4,0,0,0,0,4,2,0,6,0,0,6,0,0,3,0,0,0,0,0,0,0,0,4,0,0,4,0,0,0,0,0,0,0,0,0,4,0,0,0,0,0,0,0,0,0,0,0,0,0,0,0,0,0,0,0,0,0,0,0,0,0,2,0,0,0,0,0,0,0,0,0,0,0,0,0,0
1,,10,Ventral auditory areas,AUDv,5,3,3,5,2,4,1,3,1,0,6,2,2,4,4,3,2,5,2,0,2,1,0,1,0,4,3,0,0,1,0,0,0,0,0,0,3,0,0,0,0,0,0,0,0,0,0,0,0,0,0,0,0,0,0,0,0,0,0,0,0,0,3,0,2,0,0,0,4,2,0,0,0,0,0,0,0,5,0,0,4,0,0,0,0,0,6,0,0,0,0,0,0,0,0,0,0,0,0,0,0,0,2,0,0,0,0,0,0,0,0,0,0,0,0,0,0,0,0,0,0,0,0,0,0,0,0,0,0,0,0,0,0,0,0,0,0,0,0,0,0,0,0,0,0,0,0,0,0,0,0,0,0,0
1,,11,"Cortical subplate, Layer 6b",6b,4,3,0,0,0,4,4,0,3,4,0,6,0,4,6,0,0,0,0,0,0,4,1,4,0,0,3,2,0,0,0,2,0,0,0,0,0,0,0,0,0,0,0,0,0,0,0,0,0,0,0,0,0,0,0,0,0,0,0,0,0,0,6,4,1,4,2,4,5,2,4,0,0,2,0,2,4,0,0,0,0,0,0,2,0,2,0,0,2,0,0,1,0,0,0,0,0,0,0,0,0,0,0,0,0,0,0,0,0,0,0,0,0,0,0,0,0,0,0,0,0,0,0,0,0,0,0,0,0,0,0,0,0,0,0,0,0,0,0,1,0,0,0,0,0,0,0,0,0,0,0,0,0,0
1,,12,Primary somatomotor area,MOp,3,2,1,2,0,4,3,1,5,3,4,0,0,3,4,4,0,3,0,0,0,1,0,4,0,0,4,0,0,1,0,0,2,0,0,0,3,4,2,0,3,0,0,0,0,0,0,0,0,0,0,0,2,0,0,0,4,0,0,0,0,0,4,4,4,0,2,2,2,3,0,0,0,2,0,2,3,1,0,0,0,0,2,2,0,0,0,3,6,0,0,0,0,0,0,0,0,0,0,0,4,0,0,1,0,0,0,0,0,0,0,0,0,0,3,0,0,0,0,0,0,0,0,0,0,0,0,0,0,0,0,0,0,0,0,0,0,0,0,2,0,3,0,0,0,0,0,0,0,0,0,0,0,0
1,,13,Mediolateral visual area,VISlm,5,6,7,0,7,0,6,6,2,0,0,3,0,0,3,0,4,3,0,0,0,1,0,0,0,0,0,0,0,0,0,0,0,0,0,0,0,0,0,0,0,0,0,0,0,0,0,0,0,0,0,0,0,0,0,0,0,0,0,0,0,0,2,0,2,0,0,0,0,0,0,0,0,0,0,0,0,0,3,3,0,4,0,0,0,0,0,0,0,4,0,0,0,0,0,0,0,0,0,0,0,0,0,0,0,0,0,0,0,0,0,0,0,0,0,0,0,0,0,0,0,0,0,0,0,0,0,0,0,0,0,0,0,0,0,0,0,0,0,0,0,2,0,0,0,0,0,0,0,0,0,0,0,0
1,,14,Primary auditory area,AUDp,2,0,3,6,0,3,3,3,3,7,0,0,0,0,5,6,0,3,0,0,2,1,0,0,0,1,0,0,0,1,0,0,0,0,0,0,0,0,0,0,0,0,0,0,0,0,0,0,0,0,0,0,0,0,0,0,0,0,0,0,0,0,3,0,2,0,0,0,2,0,0,0,0,3,0,0,0,1,0,0,5,0,0,0,0,2,5,0,0,0,6,4,0,0,2,0,0,0,0,0,0,0,0,0,0,0,0,0,0,0,0,0,0,0,0,0,0,0,0,0,0,0,0,0,0,0,0,0,0,0,0,0,0,0,0,0,0,0,0,0,0,0,0,0,0,0,0,0,0,0,0,0,0,0
1,,15,Posterior parietal association areas,PTLp,6,4,4,1,0,3,4,0,6,4,0,4,0,2,0,0,0,3,0,0,0,1,4,4,0,0,0,0,0,1,0,0,0,0,0,0,0,0,0,0,0,0,0,0,0,0,0,0,0,0,0,0,0,0,0,0,0,0,0,0,0,0,5,4,4,0,4,0,3,4,2,0,0,0,0,0,0,0,0,0,0,0,0,3,0,0,0,0,0,0,0,4,0,0,0,0,0,0,0,0,0,0,0,0,0,0,0,0,0,0,0,0,0,0,0,0,0,0,0,0,0,0,0,0,0,0,0,0,0,0,0,0,0,0,0,0,0,0,0,0,0,4,0,2,0,0,0,0,0,0,0,0,0,0
1,,16,Posterior auditory area,AUDpo,2,0,2,5,2,5,0,2,3,5,5,1,2,5,0,0,2,5,2,2,0,2,0,2,0,4,1,0,0,2,0,0,0,0,0,0,2,0,0,0,0,0,0,0,0,0,0,0,0,0,0,0,0,0,0,0,0,0,0,0,0,0,0,3,0,0,0,3,0,2,1,0,3,3,0,0,2,0,0,0,0,0,0,0,0,0,0,0,0,0,0,0,0,0,0,0,0,0,0,0,0,0,0,0,0,0,0,0,0,0,0,0,0,0,0,0,0,0,0,0,0,0,0,0,0,0,0,0,0,0,0,0,0,0,0,0,0,0,0,0,0,0,0,0,0,0,0,0,0,0,0,0,0,0
1,,17,Posterolateral visual area,VISpl,4,6,6,2,0,0,3,3,0,3,0,0,4,0,0,2,0,0,0,0,0,3,0,0,0,0,0,0,0,4,0,2,0,0,0,0,0,0,0,0,0,0,0,0,0,0,0,0,0,0,0,0,0,0,0,0,0,0,0,0,0,0,2,0,0,0,0,0,0,0,0,0,0,2,0,0,0,0,1,0,0,0,0,0,0,0,0,0,0,0,0,0,0,0,0,0,0,0,0,0,0,0,0,0,0,0,0,0,0,0,0,0,0,0,0,0,0,0,0,0,0,0,0,0,0,0,0,0,0,0,0,0,0,0,0,0,0,0,0,0,0,0,0,0,0,0,0,0,0,0,0,0,0,0
1,,18,Dorsal auditory areas,AUDd,3,0,3,6,0,0,3,4,3,5,0,0,0,6,4,6,0,0,0,0,0,1,0,6,0,0,0,0,0,1,0,0,0,0,0,0,0,0,0,0,0,0,0,0,0,0,0,0,0,0,0,0,0,0,0,0,0,0,0,0,0,0,3,0,0,0,0,0,0,1,0,0,0,0,0,0,0,0,0,0,0,0,0,0,0,0,0,0,0,0,0,0,0,0,0,0,0,0,0,0,0,0,0,0,0,0,0,0,0,0,0,0,0,0,0,0,0,0,0,0,0,0,0,0,0,0,0,0,0,0,0,0,0,0,0,0,0,0,0,0,0,0,0,0,0,0,0,0,0,0,0,0,0,0
1,,19,Intermediolateral visual area,VISli,3,6,6,1,4,0,4,6,4,1,0,3,0,0,3,1,0,2,0,0,0,1,0,0,0,0,0,0,0,1,0,0,0,0,0,0,0,0,0,0,0,0,0,0,0,0,0,0,0,0,0,0,0,0,0,0,0,0,0,0,0,0,3,0,2,0,0,0,0,0,0,0,0,2,0,0,0,0,0,0,0,0,0,2,0,0,0,0,0,0,0,0,0,0,0,0,0,0,0,0,0,0,0,0,0,0,0,0,0,0,0,0,0,0,0,0,0,0,0,0,0,0,0,0,0,0,0,0,0,0,0,0,0,0,0,0,0,0,0,0,0,2,0,0,0,0,0,0,0,0,0,0,0,0
1,,20,Laterolateral visual area,VISll,3,4,0,2,0,0,0,6,0,3,0,3,0,0,3,1,6,0,0,0,0,1,0,0,0,0,0,0,0,1,0,0,0,0,0,0,0,0,0,0,0,0,0,0,0,0,0,0,0,0,0,0,0,0,0,0,0,0,0,0,0,0,2,0,0,0,0,0,0,0,0,0,0,0,0,0,0,0,0,0,0,0,0,0,0,0,0,0,0,0,0,0,0,0,0,0,0,0,0,0,0,0,0,0,0,0,0,0,0,0,0,0,0,0,0,0,0,0,0,0,0,0,0,0,0,0,0,0,0,0,0,0,0,0,0,0,0,0,0,0,0,0,0,0,0,0,0,0,0,0,0,0,0,0
1,,21,Anterior laterolateral visual area,VISlla,4,6,0,2,0,0,4,6,0,3,0,3,3,0,0,1,0,3,0,0,0,0,0,1,0,0,0,0,0,0,0,0,0,0,0,0,0,0,0,0,0,0,0,0,0,0,0,0,0,0,0,0,0,0,0,0,0,0,0,0,0,0,3,0,2,0,0,0,0,0,0,0,0,0,0,0,0,0,0,0,0,0,0,2,0,0,0,0,0,0,0,0,0,0,0,0,0,0,0,0,0,0,0,0,0,0,0,0,0,0,0,0,0,0,0,0,0,0,0,0,0,0,0,0,0,0,0,0,0,0,0,0,0,0,0,0,0,0,0,0,0,2,0,0,0,0,0,0,0,0,0,0,0,0
1,MODULE 2,22,"Entorhinal area, Lateral part",ENTl,5,2,2,4,2,2,2,2,2,4,2,2,2,4,2,4,2,4,2,2,2,0,4,6,4,6,7,6,6,3,2,6,6,7,7,6,3,4,5,6,3,2,6,5,5,3,5,5,6,4,3,5,5,4,2,3,5,7,4,6,1,4,2,1,2,4,4,1,4,4,1,4,4,2,4,4,1,0,0,0,0,0,0,0,0,0,0,0,0,0,0,0,0,0,0,0,0,0,3,0,0,1,0,0,1,0,0,0,2,0,0,0,0,0,0,1,0,0,0,0,0,0,0,0,0,0,0,0,2,4,0,0,0,1,2,2,4,0,0,1,0,0,0,0,0,0,0,0,1,0,0,0,0,0
1,,23,Medial orbital area,ORBm,5,2,2,4,2,2,2,0,1,2,3,2,1,2,3,3,0,1,1,1,1,5,0,5,6,6,4,3,2,3,6,7,4,0,7,0,0,6,4,0,1,6,6,4,4,0,5,0,4,6,4,0,5,0,0,0,4,0,0,0,0,0,6,4,6,6,6,4,5,6,4,3,4,4,4,6,4,5,0,0,2,0,0,0,0,0,0,1,0,0,0,0,0,0,0,0,0,0,4,7,4,5,5,3,1,1,1,6,6,4,0,7,0,0,6,4,0,0,3,4,0,2,0,3,0,4,0,0,0,3,0,0,0,4,0,0,0,0,0,2,2,6,4,6,0,3,6,0,1,1,2,1,6,1
1,,24,Perirhinal area,PERI,7,3,2,4,0,6,1,0,6,4,2,6,2,4,4,2,2,2,2,0,2,6,2,0,3,5,7,4,6,2,0,4,4,0,7,1,6,6,2,5,6,2,0,0,0,1,4,0,0,0,0,4,2,4,0,2,2,0,0,0,0,0,6,1,5,1,2,1,4,2,0,1,3,3,0,4,1,4,0,0,2,0,4,0,0,3,1,2,2,0,1,2,0,0,1,0,0,0,4,0,6,2,0,4,2,0,0,0,2,4,0,4,0,4,4,1,4,3,2,0,0,0,0,0,0,0,0,0,0,1,0,0,0,1,0,0,0,0,0,3,0,3,0,0,1,2,0,0,0,2,0,0,1,0
1,,25,Piriform area,PIR,1,0,0,0,0,1,0,0,1,1,0,0,0,1,0,0,0,0,0,0,0,7,2,5,0,4,5,0,3,7,6,4,3,4,6,0,0,0,6,6,0,6,6,4,4,0,6,0,4,6,2,0,6,0,0,5,6,0,0,3,2,0,0,0,1,0,2,0,0,6,0,0,0,0,0,4,0,0,0,0,0,0,0,0,0,0,0,0,0,0,0,0,0,0,0,0,0,0,4,0,0,0,0,0,0,0,0,0,0,0,0,0,0,0,0,0,2,0,0,4,0,0,0,0,0,3,0,0,0,0,0,0,0,0,0,0,0,0,0,0,0,0,0,0,0,0,0,0,0,0,0,0,0,0
1,,26,Lateral amygdalar nucleus,LA,7,1,1,3,1,0,0,0,0,2,2,0,0,1,2,1,0,1,0,1,2,6,0,7,4,0,4,4,6,3,2,2,6,6,0,7,0,0,0,3,3,3,6,2,7,6,2,5,5,1,4,3,0,2,6,0,0,0,2,0,0,0,3,3,4,0,0,0,0,0,0,4,0,0,0,0,0,0,0,0,0,0,0,0,0,0,0,0,0,0,0,0,0,0,0,0,0,0,0,0,0,0,0,0,0,0,0,0,0,0,0,0,0,0,0,0,0,0,0,0,0,0,0,0,0,0,0,0,0,0,0,0,0,0,0,0,0,0,0,0,0,0,0,0,0,0,0,0,0,0,0,0,0,0
1,,27,Posterior agranular insular area,AIp,2,0,0,1,0,5,0,0,4,0,3,4,0,0,2,0,0,0,0,0,0,5,3,5,7,6,0,6,4,1,6,6,3,0,5,0,3,5,1,2,6,7,1,0,7,0,6,0,3,4,1,0,1,0,0,0,1,0,0,0,0,0,5,0,4,0,2,0,2,3,0,0,0,0,0,4,0,0,0,0,0,0,0,0,0,0,0,0,0,0,0,2,0,0,0,0,0,0,0,0,0,0,0,4,2,0,0,0,0,0,0,4,0,0,4,0,0,4,0,0,0,0,0,0,0,0,0,0,0,0,0,0,0,0,0,0,0,0,0,3,0,0,0,2,0,0,0,0,0,0,0,0,3,0
1,,28,Prelimbic area,PL,4,0,0,0,0,0,0,0,0,0,4,0,0,0,0,0,0,0,0,0,0,3,4,4,2,4,0,0,5,3,0,5,6,0,6,0,0,6,4,0,0,0,0,2,1,0,0,0,1,0,3,0,4,0,0,0,2,0,0,0,0,0,5,1,4,4,3,2,3,4,1,1,2,1,0,3,2,5,0,0,0,0,0,0,0,0,0,4,0,0,0,0,0,0,0,0,0,0,4,4,4,2,4,0,6,5,4,0,5,6,0,7,0,0,7,4,0,0,0,0,2,1,0,0,0,0,0,3,0,4,0,0,0,2,0,0,0,0,0,4,0,4,3,3,0,1,4,0,1,0,0,0,3,0
1,,29,"Basolateral amygdalar nucleus, Posterior part",BLAp,3,1,2,2,0,1,1,1,2,1,1,0,0,1,2,0,0,1,0,0,0,6,2,4,2,4,1,7,0,6,3,6,7,2,2,6,1,2,2,7,0,6,2,7,4,5,3,6,2,2,2,2,1,4,6,0,1,0,2,0,0,0,5,0,2,0,6,0,4,4,0,6,0,0,0,0,0,0,0,0,0,0,0,0,0,0,0,0,0,0,0,0,0,0,0,0,0,0,0,0,0,1,0,0,3,2,0,0,0,2,0,0,0,0,0,0,0,0,0,0,0,0,0,0,0,0,0,0,0,0,0,0,0,0,0,0,0,0,0,4,0,0,0,0,0,0,0,0,0,0,0,0,0,0
1,,30,"Entorhinal area, Medial part",ENTm,6,1,1,2,1,1,1,1,1,1,1,1,1,1,1,1,1,1,1,1,1,6,1,6,2,0,2,1,0,0,5,2,0,0,2,4,1,1,7,2,1,0,0,0,0,4,0,2,0,0,0,6,4,6,1,0,4,7,4,6,0,0,1,1,2,1,0,1,1,1,1,6,4,1,3,1,1,0,0,0,0,0,0,0,0,0,0,0,0,0,0,0,0,0,0,0,0,0,0,0,0,1,0,0,0,0,0,0,0,0,0,0,2,0,0,3,0,0,0,0,0,0,1,0,1,0,0,0,3,0,1,0,0,0,2,2,0,0,0,0,0,0,0,0,0,0,0,0,2,0,0,0,0,0
1,,31,"Endopiriform nucleus, Dorsal part",EPd,2,0,0,0,0,0,0,0,0,0,0,0,0,0,0,0,0,0,0,0,0,6,1,6,7,1,5,6,1,2,0,4,0,6,4,1,0,3,7,6,0,4,6,4,6,2,4,1,6,4,3,0,4,0,3,1,5,1,0,4,0,0,0,0,1,0,2,0,2,3,0,1,0,0,1,3,0,0,0,0,0,0,0,0,0,0,0,0,0,0,0,0,0,0,0,0,0,0,0,0,0,0,0,0,3,0,0,0,0,0,0,0,0,0,0,0,0,0,0,0,0,0,0,0,0,0,0,0,0,0,0,0,0,0,0,0,0,0,0,0,0,0,0,0,0,1,0,0,0,0,0,0,0,0
1,,32,Infralimbic area,ILA,3,2,0,2,3,0,1,0,0,0,0,2,0,0,0,0,0,0,0,0,0,4,4,2,4,6,4,4,2,3,2,0,3,3,3,1,0,3,4,1,0,2,6,4,5,1,5,0,6,6,4,0,4,1,1,1,4,0,0,0,4,2,4,1,1,2,4,0,2,1,0,1,0,1,2,1,1,3,0,0,2,0,0,0,0,0,0,0,0,0,0,0,0,0,0,0,0,0,4,3,2,2,6,3,3,2,3,2,6,0,0,3,0,0,3,2,0,0,0,1,0,3,0,1,0,1,2,0,0,3,0,0,0,3,0,0,0,1,0,2,0,1,1,3,0,0,0,0,0,0,0,0,0,0
1,,33,"Basolateral amygdalar nucleus, Anterior part",BLAa,4,0,0,0,0,3,2,0,2,0,5,4,0,0,0,0,0,0,0,0,0,4,1,4,3,2,3,0,6,2,2,0,0,2,0,2,3,5,4,3,2,2,2,6,2,2,2,1,2,0,6,0,4,1,2,0,1,0,2,2,0,0,6,0,4,0,0,0,3,0,0,3,0,0,0,4,0,0,0,0,0,0,0,0,0,0,0,0,2,0,0,0,0,0,0,0,0,0,1,0,0,1,0,2,0,2,0,0,0,6,0,0,0,0,2,0,0,0,0,0,0,0,1,0,0,0,0,0,0,0,1,0,0,0,0,0,0,0,0,2,0,0,0,0,0,0,0,0,1,0,0,0,2,0
1,,34,"Cortical amygdala area, Posterior part, Medial zone",COApm,1,0,0,0,0,0,0,0,0,0,0,0,0,0,0,0,0,0,0,0,0,6,0,3,6,0,3,0,2,4,5,4,3,0,4,7,0,4,3,6,0,5,5,0,6,6,6,2,6,6,0,2,4,0,2,2,4,0,1,0,5,0,0,0,0,0,0,0,0,0,0,2,0,0,0,0,0,0,0,0,0,0,0,0,0,0,0,0,0,0,0,0,0,0,0,0,0,0,0,0,0,1,0,0,0,0,0,0,0,0,4,0,0,0,0,0,0,0,0,0,0,0,0,0,0,0,0,0,0,0,0,0,0,0,0,0,0,0,0,0,0,0,0,0,0,0,0,0,0,0,0,0,0,0
1,,35,Ventral agranular insular area,AIv,3,0,0,2,0,0,0,0,0,0,0,0,0,0,0,0,0,0,0,0,0,6,4,4,6,0,5,4,3,2,5,2,3,1,0,0,0,6,0,0,0,0,0,0,0,2,0,0,1,3,0,0,0,0,0,0,0,0,0,0,0,0,6,0,3,0,3,0,1,3,0,0,0,0,0,4,0,0,0,0,0,0,0,0,0,0,0,0,0,0,0,0,0,0,0,0,0,0,0,3,0,0,0,0,4,0,0,0,0,0,0,6,0,0,0,0,0,0,0,0,0,0,0,0,0,0,0,0,0,0,0,0,0,0,0,0,0,0,0,6,0,0,0,3,0,0,0,0,0,0,0,0,0,0
1,,36,"Field CA1, Ventral part",CA1v,3,1,1,4,1,2,0,0,0,2,3,0,0,2,2,4,1,2,0,1,0,6,2,3,4,4,4,6,1,7,4,6,4,6,4,0,3,4,4,6,4,2,3,4,6,7,5,1,4,4,1,0,4,0,1,2,3,2,2,0,5,0,2,1,4,4,3,0,4,1,0,4,0,0,2,0,0,0,0,0,0,0,0,0,0,0,0,0,0,0,0,0,0,0,0,0,0,0,0,0,0,0,0,0,0,0,0,0,0,0,0,0,0,0,0,1,0,0,0,0,0,0,0,0,0,0,0,0,0,1,0,0,0,1,0,0,0,0,0,0,0,0,0,0,0,0,0,0,0,0,0,0,0,0
1,,37,Visceral area,VISC,5,1,1,4,0,7,0,5,5,4,4,5,0,3,0,0,0,2,0,0,0,4,0,6,2,5,6,0,5,1,4,0,6,0,2,0,0,6,0,0,7,2,0,0,1,0,2,0,2,2,0,0,0,0,0,0,0,0,0,0,0,0,4,0,3,0,1,0,0,2,0,0,0,0,0,4,0,4,0,0,4,0,0,0,0,0,0,2,0,0,0,0,0,0,0,0,0,0,0,0,4,0,0,0,0,3,0,0,0,0,0,0,0,6,0,0,0,6,0,0,0,0,0,0,0,0,0,0,0,0,0,0,0,0,0,0,0,0,0,0,0,0,0,0,0,0,0,0,0,0,0,0,0,0
1,,38,Dorsal agranular insular area,AId,4,0,0,0,0,0,0,2,0,0,0,0,0,0,0,0,0,0,0,0,0,5,1,5,4,5,6,5,4,1,0,3,6,0,3,0,4,0,0,0,5,1,0,0,0,0,0,0,0,0,1,0,0,0,0,0,0,0,0,0,0,0,4,0,3,0,3,0,3,0,0,0,0,0,0,4,0,0,0,0,0,0,0,0,0,0,0,0,0,0,0,0,0,0,0,0,0,0,0,0,0,0,2,3,3,1,0,0,1,2,0,0,0,0,6,0,0,0,0,0,0,0,0,0,0,0,0,0,0,0,0,0,0,0,0,0,0,0,0,4,0,0,0,2,0,1,0,0,0,0,0,0,4,0
1,,39,Anterior olfactory area,AOA,0,0,0,0,0,0,0,0,0,0,0,0,0,0,0,0,0,0,0,0,0,1,4,0,5,0,0,4,0,0,6,4,0,0,4,0,0,0,0,0,0,0,0,2,0,0,0,0,0,0,0,0,2,0,0,7,2,0,0,0,2,0,1,0,0,0,2,0,0,3,0,0,0,0,0,5,0,0,0,0,0,0,0,0,0,0,0,0,0,0,0,0,0,0,0,0,0,0,0,0,0,5,0,0,0,0,0,0,0,0,0,0,0,0,0,6,0,0,0,0,0,0,0,0,0,0,0,0,0,0,0,0,4,0,0,0,0,0,0,0,0,0,0,2,0,0,0,0,0,0,0,0,0,0
1,,40,Postpiriform transition area,TR,2,0,0,0,0,0,0,0,0,0,0,0,0,0,0,0,0,0,0,0,0,6,0,0,5,0,6,0,4,6,4,6,2,2,0,4,2,0,4,0,2,5,2,6,2,2,4,2,2,3,1,2,4,1,2,0,3,0,0,0,0,0,0,0,2,0,0,0,0,0,0,0,0,0,0,0,0,0,0,0,0,0,0,0,0,0,0,0,0,0,0,0,0,0,0,0,0,0,0,0,0,0,0,0,0,0,0,0,0,0,0,0,0,0,0,0,0,0,0,0,0,0,0,0,0,0,0,0,0,0,0,0,0,0,0,0,0,0,0,0,0,0,0,0,0,0,0,0,0,0,0,0,0,0
1,,41,Gustatory area,GU,3,0,0,3,0,4,0,0,3,0,0,4,0,0,0,0,0,0,0,0,0,3,0,4,4,6,3,1,6,0,2,0,5,4,3,0,6,6,0,2,0,4,2,0,5,0,4,0,4,4,0,0,0,0,0,0,0,0,0,0,0,0,4,0,2,0,0,0,0,3,0,0,0,0,0,4,0,3,0,0,3,0,0,0,0,2,0,0,4,0,0,0,0,0,0,0,0,0,0,0,4,0,0,0,0,4,0,0,0,3,0,0,0,6,0,0,0,6,0,0,0,3,0,2,0,0,0,0,0,0,0,0,0,0,0,0,0,0,0,4,0,0,0,0,0,0,0,0,0,0,0,0,3,0
1,,42,"Endopiriform nucleus, Ventral part",EPv,0,0,0,0,0,0,0,0,0,0,0,0,0,0,0,0,0,0,0,0,0,6,0,4,6,0,0,0,0,0,6,0,0,5,0,3,0,0,0,4,0,0,6,4,0,5,0,0,6,4,0,0,0,0,0,0,0,0,0,0,0,0,3,0,0,0,0,0,0,0,0,4,0,0,0,0,0,0,0,0,0,0,0,0,0,0,0,0,0,0,0,0,0,0,0,0,0,0,0,0,0,0,0,0,0,0,0,0,0,0,0,0,0,0,0,0,0,0,0,0,0,0,0,0,0,0,0,0,0,0,0,0,0,0,0,0,0,0,0,4,0,0,0,0,0,0,0,0,0,0,0,0,0,0
1,,43,Piriform-amygdalar area,PAA,0,0,0,0,0,0,0,0,0,0,0,0,0,0,0,0,0,0,0,0,0,6,3,4,4,6,5,3,0,3,3,0,0,4,5,2,0,2,2,5,0,2,0,2,1,0,2,0,4,1,0,0,0,0,0,0,0,0,0,0,0,0,0,0,0,0,0,0,0,0,0,0,0,0,0,0,0,0,0,0,0,0,0,0,0,0,0,0,0,0,0,0,0,0,0,0,0,0,0,0,0,0,0,0,0,0,0,0,0,0,0,0,0,0,0,0,0,0,0,0,0,0,0,0,0,0,0,0,0,0,0,0,0,0,0,0,0,0,0,0,0,0,0,0,0,0,0,0,0,0,0,0,0,0
1,,44,Nucleus of lateral olfactory tract,NLOT,0,0,0,0,0,0,0,0,0,0,0,0,0,0,0,0,0,0,0,0,0,4,0,0,6,1,4,0,0,0,5,2,1,0,4,0,0,0,4,0,0,7,0,0,0,0,4,0,0,0,2,0,1,0,0,6,4,0,0,0,0,0,0,0,0,0,0,0,0,2,0,0,0,0,0,0,0,0,0,0,0,0,0,0,0,0,0,0,0,0,0,0,0,0,0,0,0,0,0,0,0,6,1,0,0,0,0,1,0,1,0,0,0,0,0,2,0,0,7,0,3,0,0,0,0,0,0,0,0,0,0,0,2,1,0,0,0,0,0,0,0,0,0,0,0,0,0,0,0,0,0,0,0,0
1,,45,"Basomedial amygdalar nucleus, Posterior part",BMAp,6,0,0,2,0,0,0,0,1,1,0,0,0,1,1,1,0,1,0,0,0,4,0,6,2,6,2,2,2,2,2,4,1,3,2,4,1,2,3,1,0,2,4,1,0,4,2,2,3,1,2,0,2,0,2,0,0,0,2,0,0,0,3,0,2,0,0,0,0,2,0,4,0,0,0,2,0,0,0,0,0,0,0,0,0,0,0,0,0,0,0,0,0,0,0,0,0,0,0,0,0,1,2,0,0,0,0,0,1,0,0,0,0,0,0,0,0,0,0,0,0,2,0,0,0,0,0,0,0,0,0,0,0,0,0,0,0,0,0,0,0,0,0,0,0,0,0,0,0,0,0,0,0,0
1,,46,"Subiculum, Ventral part",SUBv,1,0,0,0,0,0,0,0,0,0,0,0,0,0,0,0,0,0,0,0,0,3,5,1,3,2,2,4,2,3,4,3,2,4,2,3,0,2,4,5,0,2,4,4,7,0,2,3,5,3,4,0,4,0,4,0,4,3,3,0,0,0,0,0,3,0,3,3,3,0,3,5,0,1,4,0,0,0,0,0,0,0,0,0,0,0,0,0,0,0,0,0,0,0,0,0,0,0,0,0,0,0,0,0,0,0,0,0,0,0,0,0,0,0,0,0,0,0,0,0,0,0,0,0,0,0,0,0,0,0,0,0,0,0,0,0,0,0,0,0,0,0,0,0,0,0,0,0,0,0,0,0,0,0
1,,47,"Basomedial amygdalar nucleus, Anterior part",BMAa,1,0,0,0,0,0,0,0,0,0,0,0,0,0,0,0,0,0,0,0,0,6,0,1,2,2,4,0,5,0,1,2,1,4,2,1,0,2,0,5,0,1,4,1,4,2,0,0,4,6,1,0,0,0,0,0,0,0,0,0,0,0,0,0,0,0,0,0,0,0,0,0,0,0,0,0,0,0,0,0,0,0,0,0,0,0,0,0,0,0,0,0,0,0,0,0,0,0,0,0,0,0,0,2,0,0,0,0,0,0,0,0,0,0,0,0,0,0,0,0,0,0,0,2,0,0,0,0,0,0,0,0,0,0,0,0,0,0,0,0,0,0,0,0,0,0,0,0,0,0,0,0,0,0
1,,48,Field CA3,CA3,0,0,0,0,0,0,0,0,0,0,0,0,0,0,0,0,0,0,0,0,0,2,0,0,0,0,0,0,0,2,0,0,0,0,0,6,0,0,0,0,0,0,0,0,0,3,0,0,0,0,0,6,0,3,0,0,0,3,6,0,0,0,0,0,0,0,0,0,0,0,0,0,0,0,0,0,0,0,0,0,0,0,0,0,0,0,0,0,0,0,0,0,0,0,0,0,0,0,0,0,0,0,0,0,0,0,0,0,0,0,0,0,6,0,0,0,0,0,0,0,0,0,3,0,3,0,0,0,6,0,3,0,0,0,2,6,0,0,0,0,0,0,0,0,0,0,0,0,0,0,0,0,0,0
1,,49,"Cortical amygdala area, Posterior part, Lateral zone",COApl,2,0,0,1,0,0,0,0,0,0,0,0,0,0,0,0,0,0,0,0,0,4,2,4,2,1,3,0,2,1,2,0,0,5,4,4,0,0,0,5,0,0,6,1,1,4,1,2,0,0,0,0,0,0,3,0,0,0,2,0,0,0,0,0,2,0,0,0,0,0,0,0,0,0,0,0,0,0,0,0,0,0,0,0,0,0,0,0,0,0,0,0,0,0,0,0,0,0,0,0,0,0,0,0,0,0,0,0,0,0,4,0,0,0,0,0,0,0,0,0,0,0,0,0,0,2,0,0,0,0,0,0,0,0,0,0,0,0,0,0,0,0,0,0,0,0,0,0,0,0,0,0,0,0
1,,50,"Cortical amygdala area, Anterior part",COAa,0,0,0,0,0,0,0,0,0,0,0,0,0,0,0,0,0,0,0,0,0,2,0,1,4,0,0,0,1,0,2,0,0,2,0,0,0,0,0,5,0,3,6,0,1,0,7,0,2,0,1,0,0,0,0,3,0,0,0,0,0,0,0,0,0,0,0,0,0,0,0,0,0,0,0,0,0,0,0,0,0,0,0,0,0,0,0,0,0,0,0,0,0,0,0,0,0,0,0,0,0,0,0,0,0,0,0,0,0,0,0,0,0,0,0,0,0,0,0,0,0,0,0,0,0,0,0,0,0,0,0,0,0,0,0,0,0,0,0,0,0,0,0,0,0,0,0,0,0,0,0,0,0,0
1,,51,"Nucleus of lateral olfactory tract, dorsal cap",NLOT3,0,0,0,0,0,0,0,0,0,0,0,0,0,0,0,0,0,0,0,0,0,1,0,2,2,4,3,3,4,0,2,2,4,2,2,0,0,3,1,2,0,1,2,6,2,0,2,0,2,2,0,0,1,0,0,2,1,0,0,0,0,0,4,0,0,0,0,0,0,1,0,0,0,0,0,2,0,0,0,0,0,0,0,0,0,0,0,0,0,0,0,0,0,0,0,0,0,0,0,0,1,1,4,2,1,3,0,2,0,7,0,1,0,0,2,1,0,0,0,0,0,1,0,0,0,0,0,6,0,1,0,0,0,1,0,0,0,0,0,4,0,0,0,0,0,0,0,0,0,0,0,0,1,0
1,,52,"Field CA1, Dorsal part",CA1d,0,0,0,0,0,0,0,0,0,0,0,0,0,0,0,0,0,0,0,0,0,6,3,0,0,0,0,2,0,2,0,3,0,0,0,0,0,0,0,0,0,0,0,0,0,0,0,0,0,0,0,0,2,7,0,0,0,2,0,0,0,4,1,2,0,2,3,2,0,0,1,1,0,2,2,1,3,0,0,0,0,0,0,0,0,0,0,0,0,0,0,0,0,0,0,0,0,0,0,0,0,0,0,0,0,0,0,0,0,0,0,0,0,0,0,0,0,0,0,0,0,0,0,0,0,0,0,0,2,0,2,0,0,0,0,0,0,0,0,0,0,0,0,0,0,0,0,0,0,0,0,0,0,0
1,,53,"Tenia tecta, Dorsal part",TTd,0,0,0,0,0,0,0,0,0,0,0,0,0,0,0,0,0,0,0,0,0,0,6,2,2,0,0,4,0,0,0,3,0,0,0,0,0,0,6,1,0,0,0,4,0,0,0,0,0,0,0,0,0,0,0,2,5,0,0,0,0,0,0,0,0,0,0,0,3,3,0,0,0,0,0,0,0,0,0,0,0,0,0,0,0,0,0,0,0,0,0,0,0,0,0,0,0,0,0,0,0,0,0,0,0,0,0,0,0,0,0,0,0,0,0,0,0,0,0,0,0,0,0,0,0,0,0,0,0,0,0,0,0,0,0,0,0,0,0,0,0,0,0,0,0,0,0,0,0,0,0,0,0,0
1,,54,"Subiculum, Dorsal part",SUBd,6,0,0,0,0,0,0,0,0,0,0,0,0,0,0,0,0,0,0,0,0,2,4,5,0,0,0,4,0,2,0,4,0,0,2,0,0,2,0,1,0,0,0,0,0,0,0,3,0,0,0,4,3,0,0,0,1,2,0,0,0,0,0,6,0,1,0,3,1,0,3,0,4,0,0,0,4,0,0,0,0,0,0,0,0,0,0,0,0,0,0,0,0,0,0,0,0,0,0,0,0,0,0,0,0,0,0,0,0,0,0,0,0,0,0,0,0,0,0,0,0,0,0,0,0,0,0,0,0,0,0,0,0,0,0,0,0,0,0,0,0,0,0,0,0,0,0,0,0,0,0,0,0,0
1,,55,Posterior amygdalar nucleus,PA,2,0,0,2,0,0,0,0,0,0,0,0,0,0,0,0,0,0,0,0,0,5,0,2,0,0,0,0,3,5,3,2,0,7,0,5,0,0,0,4,0,2,0,0,3,6,1,4,2,0,0,0,0,0,0,0,0,0,2,0,0,0,0,0,2,0,0,0,0,0,0,0,0,0,0,0,0,0,0,0,0,0,0,0,0,0,0,0,0,0,0,0,0,0,0,0,0,0,0,0,0,0,0,0,0,0,0,0,0,0,0,0,0,0,0,0,0,0,0,0,0,0,0,0,0,0,0,0,0,0,0,0,0,0,0,0,0,0,0,0,0,0,0,0,0,0,0,0,0,0,0,0,0,0
1,,56,Main olfactory bulb,MOB,0,0,0,0,0,0,0,0,0,0,0,0,0,0,0,0,0,0,0,0,0,3,0,0,6,0,2,0,0,2,0,2,0,0,0,0,0,0,7,4,0,0,4,4,0,0,0,0,4,4,0,0,2,0,0,0,3,0,0,2,0,0,0,0,0,0,0,0,0,0,0,0,0,0,0,0,0,0,0,0,0,0,0,0,0,0,0,0,0,0,0,0,0,0,0,0,0,0,0,0,0,0,0,0,0,0,0,0,0,0,0,0,0,0,0,0,0,0,0,0,0,0,0,0,0,0,0,0,0,0,0,0,0,0,0,0,0,0,0,0,0,0,0,0,0,0,0,0,0,0,0,0,0,0
1,,57,"Tenia tecta, Ventral part",TTv,0,0,0,0,0,0,0,0,0,0,0,0,0,0,0,0,0,0,0,0,0,0,0,0,2,0,0,3,0,0,5,4,0,0,0,0,0,0,7,2,0,0,0,0,0,0,0,0,0,0,0,0,5,0,0,2,0,0,0,0,0,0,0,0,0,0,0,0,0,0,0,0,0,0,0,0,0,0,0,0,0,0,0,0,0,0,0,0,0,0,0,0,0,0,0,0,0,0,0,0,0,0,0,0,0,0,0,0,0,0,0,0,0,0,0,0,0,0,0,0,0,0,0,0,0,0,0,0,0,0,0,0,0,0,0,0,0,0,0,0,0,0,0,0,0,0,0,0,0,0,0,0,0,0
1,,58,Dentate gyrus,DG,0,0,0,0,0,0,0,0,0,0,0,0,0,0,0,0,0,0,0,0,0,0,0,0,0,0,0,0,0,0,0,0,0,0,0,0,0,0,0,0,0,0,0,0,0,0,0,6,0,0,0,0,0,0,0,0,0,0,0,0,0,0,0,0,0,0,0,0,0,0,0,0,0,0,0,0,0,0,0,0,0,0,0,0,0,0,0,0,0,0,0,0,0,0,0,0,0,0,0,0,0,0,0,0,0,0,0,0,0,0,0,0,0,0,0,0,0,0,0,0,0,0,0,0,0,0,0,0,0,0,0,0,0,0,4,0,0,0,0,0,0,0,0,0,0,0,0,0,0,0,0,0,0,0
1,,59,Field CA2,CA2,0,0,0,0,0,0,0,0,0,0,0,0,0,0,0,0,0,0,0,0,0,3,0,0,0,0,0,0,0,4,0,0,0,0,0,4,0,0,0,0,0,0,0,0,0,3,0,4,0,0,0,0,0,0,0,0,0,4,0,0,0,0,0,0,0,0,0,0,0,0,0,2,0,0,0,0,0,0,0,0,0,0,0,0,0,0,0,0,0,0,0,0,0,0,0,0,0,0,0,0,0,0,0,0,0,0,0,0,0,0,0,0,4,0,0,0,0,0,0,0,0,0,3,0,4,0,0,0,0,0,0,0,0,0,0,4,0,0,0,0,0,0,0,0,0,0,0,0,0,0,0,0,0,0
1,,60,Indusium griseum,IG,0,0,0,0,0,0,0,0,0,0,0,0,0,0,0,0,0,0,0,0,0,0,0,0,0,0,0,0,0,0,0,0,0,0,0,0,0,0,0,0,0,0,0,0,0,0,0,0,0,0,0,0,0,0,0,0,0,0,0,0,0,0,0,0,0,0,0,0,0,0,0,0,0,0,0,0,0,0,0,0,0,0,0,0,0,0,0,0,0,0,0,0,0,0,0,0,0,0,0,0,0,0,0,0,0,0,0,0,0,0,0,0,0,0,0,0,0,0,0,0,0,0,0,0,0,0,0,0,0,0,0,0,0,0,0,0,0,0,0,0,0,0,0,0,0,0,0,0,0,0,0,0,0,0
1,,61,Accessory olfactory bulb,AOB,0,0,0,0,0,0,0,0,0,0,0,0,0,0,0,0,0,0,0,0,0,0,0,0,2,0,0,0,0,0,0,0,0,6,0,0,0,0,0,0,0,0,0,4,0,0,0,0,1,0,0,0,0,0,0,2,0,0,0,0,0,0,0,0,0,0,0,0,0,0,0,0,0,0,0,0,0,0,0,0,0,0,0,0,0,0,0,0,0,0,0,0,0,0,0,0,0,0,0,0,0,0,0,0,0,0,0,0,0,0,0,0,0,0,0,0,0,0,0,0,0,0,0,0,0,0,0,0,0,0,0,0,0,0,0,0,0,0,0,0,0,0,0,0,0,0,0,0,0,0,0,0,0,0
1,,62,Fasciola cinerea,FC,0,0,0,0,0,0,0,0,0,0,0,0,0,0,0,0,0,0,0,0,0,0,0,0,0,0,0,0,0,0,0,0,0,0,0,0,0,0,0,0,0,0,0,0,0,0,0,0,0,0,0,0,0,0,0,0,0,0,0,0,0,0,0,0,0,0,0,0,0,0,0,0,0,0,0,0,0,0,0,0,0,0,0,0,0,0,0,0,0,0,0,0,0,0,0,0,0,0,0,0,0,0,0,0,0,0,0,0,0,0,0,0,0,0,0,0,0,0,0,0,0,0,0,0,0,0,0,0,0,0,0,0,0,0,0,0,0,0,0,0,0,0,0,0,0,0,0,0,0,0,0,0,0,0
1,MODULE 3,63,Secondary somatomotor areas,MOs,4,4,4,4,3,5,5,5,5,3,4,4,0,3,5,3,2,3,4,0,4,5,3,4,0,3,6,5,1,0,0,4,5,0,3,0,3,4,0,0,2,0,0,0,0,0,0,0,0,0,0,0,0,0,0,0,0,0,0,0,0,0,0,4,4,4,4,3,5,6,4,0,4,3,1,6,4,3,2,0,0,0,3,1,2,0,1,0,3,0,1,3,1,0,1,0,0,0,0,3,3,0,4,5,4,2,0,0,0,6,0,1,0,3,1,0,0,0,0,0,0,0,0,0,0,0,0,0,0,0,0,0,0,0,0,0,0,0,0,4,0,3,3,2,0,3,5,0,0,0,0,0,6,1
1,,64,"Retrosplenial region, Dorsal part",RSPd,4,4,4,4,5,0,4,6,2,4,5,6,4,4,4,4,5,4,4,5,3,3,1,3,0,0,0,1,0,5,0,1,0,0,0,0,0,0,0,0,0,0,0,0,0,2,0,0,0,0,0,0,0,2,0,0,0,0,0,0,0,0,6,0,3,6,1,3,6,0,6,5,6,2,6,1,6,2,2,0,2,0,0,2,0,0,0,0,4,0,0,3,0,0,0,0,0,0,1,0,1,0,0,0,0,0,3,0,0,0,0,0,0,0,0,0,0,0,0,0,0,0,0,0,0,0,0,0,0,0,0,0,0,0,0,0,0,0,0,4,7,0,0,0,2,0,0,2,1,1,0,1,0,5
1,,65,Claustrum,CLA,6,1,1,3,4,1,4,1,1,1,6,4,1,0,4,0,0,1,1,0,1,6,3,7,1,2,5,6,2,0,1,6,2,0,4,0,5,4,7,0,5,2,0,2,0,0,0,0,0,0,0,0,2,0,0,0,2,0,0,0,0,0,6,4,0,3,5,4,6,5,2,3,2,4,3,7,2,0,0,0,0,0,0,0,0,0,0,0,0,0,0,3,0,0,0,0,0,0,2,0,2,0,0,0,2,0,0,0,1,0,0,0,0,0,0,0,0,0,0,0,0,0,0,0,0,0,0,0,0,0,0,0,0,0,0,0,0,0,0,3,0,2,0,3,0,2,1,0,0,0,0,0,2,1
1,,66,"Anterior cingulate area, Ventral part",ACAv,2,3,3,2,2,0,4,0,0,0,2,0,2,2,3,2,1,3,2,2,3,6,4,0,0,0,0,4,0,5,0,2,0,0,0,0,0,0,0,0,0,0,0,0,0,0,0,0,0,0,0,0,0,0,0,0,0,0,0,0,0,0,5,6,3,0,1,6,6,0,2,4,6,5,5,0,6,0,0,0,0,0,0,0,0,0,0,1,0,0,0,0,0,0,0,0,0,0,5,2,0,0,0,0,0,0,4,0,0,0,0,0,0,0,0,0,0,0,0,0,0,0,0,0,0,0,0,0,0,0,0,0,0,0,0,0,0,0,0,3,0,2,6,0,0,6,0,0,1,1,0,1,0,0
1,,67,Ventral orbital area,ORBv,4,4,3,4,3,3,4,0,4,2,4,4,3,3,3,3,0,2,3,3,3,3,6,2,2,2,2,6,2,2,3,4,3,0,3,0,2,4,0,0,4,0,0,2,0,0,2,0,0,0,2,0,0,0,0,0,0,0,0,0,0,0,6,6,4,5,0,3,7,5,4,4,4,7,4,4,4,3,0,1,3,1,1,3,0,0,0,0,0,0,2,1,1,0,1,0,0,0,2,6,2,0,2,1,4,2,0,2,3,3,0,2,0,0,3,0,0,0,0,0,0,0,0,0,0,0,0,0,0,0,0,0,0,0,0,0,0,0,0,1,0,3,4,7,0,5,5,0,0,0,4,0,4,0
1,,68,"Retrosplenial region, Ventral part, Zone a",RSPv.a,2,2,0,1,2,0,0,0,0,0,0,0,2,0,2,0,2,0,2,2,0,2,0,0,0,0,0,0,0,4,0,0,0,0,0,0,0,0,0,0,0,0,0,0,0,4,0,0,0,0,0,0,0,0,0,0,0,0,0,0,0,0,1,2,0,6,0,0,1,0,7,4,6,6,6,0,7,0,0,0,0,0,0,0,0,0,0,0,0,0,0,0,0,0,0,0,0,0,0,0,0,0,0,0,0,0,0,0,0,0,0,0,0,0,0,0,0,0,0,0,0,0,0,0,0,0,0,0,0,0,0,0,0,0,0,0,0,0,0,0,2,0,4,0,6,0,0,2,0,4,3,4,0,0
1,,69,"Anterior cingulate area, Dorsal part",ACAd,2,4,1,4,4,1,2,0,0,0,1,0,2,0,4,0,0,0,2,2,2,4,4,4,0,0,0,3,3,1,0,1,3,0,0,0,0,0,0,0,0,0,0,0,0,0,0,0,0,0,0,0,0,0,0,0,0,0,0,0,0,0,4,3,6,5,3,2,0,2,1,4,5,5,5,1,3,0,0,0,2,0,0,0,0,0,0,0,0,0,0,2,0,0,0,0,0,0,2,3,0,0,0,0,3,0,0,0,2,3,0,0,0,0,0,0,0,0,0,0,0,0,0,0,0,0,0,0,0,0,0,0,0,0,0,0,0,0,0,3,2,4,2,2,0,4,0,0,1,1,0,1,0,0
1,,70,Ventrolateral orbital area,ORBvl,3,0,0,3,0,0,0,0,0,0,0,0,0,0,0,0,0,0,0,0,0,3,5,3,5,0,3,3,1,2,0,2,1,0,0,0,0,0,0,0,0,0,0,0,0,0,0,0,0,0,0,0,0,0,0,0,0,0,0,0,0,0,6,0,5,4,0,0,2,0,0,0,2,0,1,4,0,0,0,0,0,0,0,0,0,0,0,0,0,0,0,0,0,0,0,0,0,0,0,3,0,3,0,1,0,0,0,0,0,0,0,0,0,0,0,0,0,0,0,0,0,0,0,0,0,0,0,0,0,0,0,0,0,0,0,0,0,0,0,6,0,3,0,0,0,1,6,0,0,0,0,0,4,0
1,,71,"Retrosplenial region, Ventral part, Zone b/c",RSPv.b/c,3,3,2,1,3,0,3,0,0,0,1,0,1,0,2,0,1,0,1,3,2,2,0,0,0,0,0,0,0,4,0,0,0,0,0,0,0,0,0,0,0,0,0,0,0,0,0,0,0,0,0,0,0,1,0,0,0,0,0,0,0,0,1,4,1,7,0,6,6,0,0,6,6,1,6,0,3,0,0,0,0,0,0,0,0,0,0,0,0,0,0,0,0,0,0,0,0,0,0,0,0,0,0,0,0,0,2,0,0,0,0,0,0,0,0,0,0,0,0,0,0,0,0,0,0,0,0,0,0,0,0,0,0,0,0,0,0,0,0,0,2,0,4,0,6,3,0,5,4,4,0,4,0,2
1,,72,Parasubiculum,PAR,0,3,0,0,3,0,0,0,0,0,0,0,0,0,0,0,0,0,0,0,0,3,0,0,0,0,0,0,0,6,0,2,0,0,0,1,0,0,0,2,0,0,0,0,0,1,0,0,0,0,0,0,0,0,0,0,0,2,0,0,0,0,0,0,0,0,0,0,0,0,0,0,1,0,6,0,0,0,0,0,0,0,0,0,0,0,0,0,0,0,0,0,0,0,0,0,0,0,2,0,0,0,0,0,0,0,5,0,0,0,0,0,0,0,0,0,0,0,0,0,0,0,0,0,0,0,0,0,0,0,0,0,0,0,0,0,0,0,0,0,0,0,0,0,0,0,0,0,6,1,0,6,0,0
1,,73,Postsubiculum,POST,7,4,0,0,3,0,0,0,0,0,0,0,0,0,2,0,0,0,0,0,0,3,0,0,0,0,0,0,0,3,0,0,0,0,0,0,0,0,0,0,0,0,0,0,0,0,0,0,0,0,0,0,0,0,0,0,0,2,0,0,0,0,0,5,0,0,0,5,0,0,5,4,0,0,5,0,5,7,0,0,0,0,0,0,0,0,0,0,0,0,0,0,0,0,0,0,0,0,4,0,0,0,0,0,0,0,4,0,0,0,0,0,0,0,0,0,0,0,0,0,0,0,0,0,0,0,0,0,0,0,0,0,0,0,0,0,0,0,0,0,0,0,0,0,0,0,0,0,4,2,0,3,0,0
1,,74,"Retrosplenial region, Lateral agranular part",RSPagl,4,2,0,5,3,0,2,1,0,3,1,0,2,3,4,0,3,0,2,2,1,0,0,3,0,0,0,1,0,1,0,3,0,0,0,0,0,0,0,0,0,0,0,0,0,0,0,0,0,0,0,0,0,0,0,0,0,0,0,1,0,0,3,2,6,6,0,7,3,6,2,6,3,0,4,0,1,0,0,0,0,3,0,0,0,0,0,0,0,0,0,0,0,0,0,0,0,0,0,0,0,0,0,0,0,0,0,0,0,0,0,0,0,0,0,0,0,0,0,0,0,0,0,0,0,0,0,0,0,0,0,0,0,0,0,0,0,0,0,0,0,0,0,0,4,0,0,0,0,0,6,0,0,0
1,,75,Presubiculum,PRE,0,0,0,0,0,0,0,0,0,0,0,0,0,0,2,0,0,0,0,0,0,4,0,0,0,0,0,0,0,7,0,1,0,0,0,2,0,0,0,0,0,0,0,0,0,4,0,2,0,0,0,2,0,4,0,0,0,2,2,0,0,0,0,0,0,0,0,4,0,0,0,4,4,0,0,0,0,0,0,0,0,0,0,0,0,0,0,0,0,0,0,0,0,0,0,0,0,0,0,0,0,0,0,0,0,0,7,0,1,0,0,0,0,0,0,0,0,0,0,0,0,0,4,0,0,0,0,0,0,0,4,0,0,0,2,0,0,0,0,0,0,0,0,0,0,0,0,0,4,3,0,3,0,0
1,,76,Lateral orbital area,ORBl,3,2,0,3,0,0,3,0,0,1,0,0,0,3,1,0,0,3,0,0,0,6,4,5,5,0,3,3,1,2,0,4,1,0,4,0,0,0,0,0,0,0,0,0,0,0,0,0,0,0,0,0,0,0,0,0,0,0,0,0,0,0,5,4,3,0,0,1,2,0,1,0,2,5,1,0,0,0,0,0,0,0,0,0,0,0,0,0,0,0,0,0,0,0,0,0,0,0,0,2,0,3,0,1,0,0,0,0,0,0,0,2,0,0,0,0,0,0,0,0,0,0,0,0,0,0,0,0,0,0,0,0,0,0,0,0,0,0,0,3,0,1,0,0,0,1,0,0,0,0,0,0,5,0
1,,77,"Retrosplenial region, Ventral Part, Anterior Zone",RSPv,0,1,0,0,2,0,3,0,2,0,0,5,0,0,3,0,0,0,0,0,0,0,0,0,0,0,0,3,0,0,0,2,0,0,0,0,0,0,0,0,0,0,0,0,0,0,0,0,0,0,0,0,0,0,0,0,0,0,0,0,0,0,6,5,1,5,1,5,5,0,5,0,4,3,1,0,0,0,0,0,0,0,0,0,0,0,0,0,3,0,0,0,0,0,0,0,0,0,0,0,0,0,0,0,0,0,0,0,0,0,0,0,0,0,0,0,0,0,0,0,0,0,0,0,0,0,0,0,0,0,0,0,0,0,0,0,0,0,0,4,4,0,0,0,1,0,0,1,0,2,0,0,0,6
2,MODULE 1,1,Ectorhinal area,ECT,6,0,0,6,0,0,0,0,0,0,0,0,0,0,1,0,0,0,0,0,0,0,0,0,0,1,0,0,0,0,0,0,0,0,0,0,0,0,0,0,0,0,0,0,0,0,0,0,0,0,0,0,0,0,0,0,0,0,0,0,0,0,2,0,3,0,0,0,1,0,0,0,5,0,0,0,0,0,7,4,7,4,5,4,4,2,7,6,1,3,6,6,6,5,6,4,5,4,3,5,4,2,7,6,6,4,2,4,6,7,0,5,1,5,5,0,2,5,2,0,0,1,3,0,0,1,0,0,1,1,3,0,0,1,0,0,0,0,0,5,0,5,0,4,0,5,5,0,6,7,2,2,5,0
2,,2,Primary visual area,VISp,0,5,6,0,5,0,3,3,0,0,0,0,6,0,2,0,0,0,0,0,0,0,0,0,0,0,0,0,0,0,0,0,0,0,0,0,0,0,0,0,0,0,0,0,0,0,0,0,0,0,0,0,0,0,0,0,0,0,0,0,0,0,0,0,0,0,0,0,0,0,0,0,0,0,0,0,0,3,0,7,6,6,0,6,6,3,0,6,1,6,1,4,2,6,3,6,6,3,1,0,0,0,0,0,0,0,2,0,0,0,0,0,0,0,0,0,0,0,0,0,0,0,0,0,0,0,0,0,0,0,0,0,0,0,0,0,0,0,0,4,3,2,0,0,2,4,0,0,4,4,2,6,0,0
2,,3,Anterolateral visual area,VISal,0,2,6,0,0,0,3,0,0,0,0,1,0,0,2,0,0,0,0,0,0,0,0,0,0,0,0,0,0,0,0,0,0,0,0,0,0,0,0,0,0,0,0,0,0,0,0,0,0,0,0,0,0,0,0,0,0,0,0,0,0,0,0,0,2,0,0,0,0,0,0,0,0,0,0,0,0,6,6,0,3,0,0,7,7,4,2,3,3,7,4,6,1,6,5,6,0,3,1,0,1,0,0,0,0,0,1,0,0,0,0,0,0,0,0,0,0,0,0,0,0,0,0,0,0,0,0,0,0,0,0,0,0,0,0,0,0,0,0,4,4,2,0,3,0,2,3,0,0,3,3,0,0,0
2,,4,Temporal association areas,TEa,2,0,0,6,0,0,0,0,0,1,0,0,0,0,0,0,0,0,0,0,0,0,0,2,0,3,0,0,0,0,0,0,0,0,0,0,0,0,0,0,0,0,0,0,0,0,0,0,0,0,0,0,0,0,0,0,0,0,0,0,0,0,0,0,0,0,0,0,0,0,0,0,0,0,0,0,0,7,2,2,0,3,6,2,3,2,6,6,3,1,5,4,6,2,3,2,2,2,3,0,6,0,7,2,3,4,2,0,3,4,1,0,0,3,0,0,0,0,0,0,0,0,0,0,0,0,0,0,0,0,0,0,0,0,0,0,0,0,0,3,2,2,0,2,2,3,0,2,1,0,4,1,2,0
2,,5,Posteromedial visual area,VISpm,0,4,6,0,6,0,2,0,0,0,0,0,0,0,2,0,0,0,0,0,0,0,0,0,0,0,0,0,0,0,0,0,0,0,0,0,0,0,0,0,0,0,0,0,0,0,0,0,0,0,0,0,0,0,0,0,0,0,0,0,0,0,0,4,3,0,0,0,0,0,0,0,0,0,0,0,0,6,6,6,4,0,0,4,4,3,6,4,0,0,4,3,7,6,4,6,0,0,1,0,0,0,0,3,0,0,0,0,0,0,0,0,0,0,0,0,0,0,0,0,0,0,0,0,0,0,0,0,0,0,0,0,0,0,0,0,0,0,0,0,7,3,3,0,3,5,3,6,4,4,2,4,0,3
2,,6,Supplemental somatosensory area,SSs,0,0,0,0,0,6,0,0,0,0,0,0,0,0,3,0,0,0,0,0,0,0,0,0,0,0,0,0,0,0,0,0,0,0,0,0,0,0,0,0,0,0,0,0,0,0,0,0,0,0,0,0,0,0,0,0,0,0,0,0,0,0,0,0,0,0,0,0,0,0,0,0,0,0,0,0,0,4,4,4,7,0,0,3,5,6,4,4,6,0,4,5,3,0,4,0,0,0,1,1,5,0,3,6,0,0,1,1,0,3,0,3,0,7,4,0,0,4,0,0,0,0,0,0,0,0,0,0,0,0,0,0,0,0,0,0,0,0,0,4,0,4,0,4,0,4,4,0,0,0,0,0,4,0
2,,7,Anteromedial visual area,VISam,0,0,0,0,5,0,0,0,0,0,0,4,0,0,2,0,0,0,0,0,0,0,0,0,0,0,0,0,0,0,0,0,0,0,0,0,0,0,0,0,0,0,0,0,0,0,0,0,0,0,0,0,0,0,0,0,0,0,0,0,0,0,0,0,0,0,0,0,2,0,0,0,0,0,0,0,0,6,6,6,5,6,2,0,6,5,0,4,4,2,3,4,0,6,2,5,4,5,2,0,3,0,0,0,0,0,1,0,0,0,0,0,0,0,0,0,0,0,0,0,0,0,0,0,0,0,0,0,0,0,0,0,0,0,0,0,0,0,0,5,4,4,0,0,3,4,4,0,0,4,2,3,0,3
2,,8,Rostrolateral visual area,VISrl,0,4,0,0,0,0,0,0,0,0,0,0,0,0,0,0,0,0,0,0,0,0,0,0,0,0,0,0,0,0,0,0,0,0,0,0,0,0,0,0,0,0,0,0,0,0,0,0,0,0,0,0,0,0,0,0,0,0,0,0,0,0,0,0,0,0,0,0,0,0,0,0,0,0,0,0,0,0,6,6,0,0,2,4,0,0,0,0,3,6,0,4,2,4,2,4,0,0,0,0,0,0,0,0,0,0,0,0,0,0,0,0,0,0,0,0,0,0,0,0,0,0,0,0,0,0,0,0,0,0,0,0,0,0,0,0,0,0,0,3,0,0,1,2,0,3,0,0,0,0,0,0,2,0
2,,9,Primary somatosensory area,SSp,4,0,0,0,0,4,2,0,6,0,0,6,0,0,3,0,0,0,0,0,0,0,0,4,0,0,4,0,0,0,0,0,0,0,0,0,4,0,0,0,0,0,0,0,0,0,0,0,0,0,0,0,0,0,0,0,0,0,0,0,0,0,2,0,0,0,0,0,0,0,0,0,0,0,0,0,0,4,3,4,2,1,4,4,4,0,3,3,6,0,3,5,2,0,3,0,0,0,1,0,4,0,0,5,0,0,1,0,0,0,0,0,0,5,1,0,0,0,0,0,0,0,0,0,0,0,0,0,0,0,0,0,0,0,0,0,0,0,0,6,1,4,0,0,0,1,0,0,0,0,1,0,0,0
2,,10,Ventral auditory areas,AUDv,5,0,0,4,0,0,0,0,0,6,0,0,0,0,0,0,0,0,0,0,0,0,0,0,0,2,0,0,0,0,0,0,0,0,0,0,0,0,0,0,0,0,0,0,0,0,0,0,0,0,0,0,0,0,0,0,0,0,0,0,0,0,0,0,0,0,0,0,0,0,0,0,0,0,0,0,0,5,3,3,5,2,4,1,3,1,0,6,2,2,4,4,3,2,5,2,0,2,1,0,1,0,4,3,0,0,1,0,0,0,0,0,0,3,0,0,0,0,0,0,0,0,0,0,0,0,0,0,0,0,0,0,0,0,0,0,0,0,0,3,0,2,0,0,0,4,2,0,0,0,0,0,0,0
2,,11,"Cortical subplate, Layer 6b",6b,0,0,0,0,0,0,2,0,2,0,0,2,0,0,1,0,0,0,0,0,0,0,0,0,0,0,0,0,0,0,0,0,0,0,0,0,0,0,0,0,0,0,0,0,0,0,0,0,0,0,0,0,0,0,0,0,0,0,0,0,0,0,1,0,0,0,0,0,0,0,0,0,0,0,0,0,0,4,3,0,0,0,4,4,0,3,4,0,6,0,4,6,0,0,0,0,0,0,4,1,4,0,0,3,2,0,0,0,2,0,0,0,0,0,0,0,0,0,0,0,0,0,0,0,0,0,0,0,0,0,0,0,0,0,0,0,0,0,0,6,4,1,4,2,4,5,2,4,0,0,2,0,2,4
2,,12,Primary somatomotor area,MOp,1,0,0,0,0,2,2,0,0,0,3,6,0,0,0,0,0,0,0,0,0,0,0,4,0,0,1,0,0,0,0,0,0,0,0,0,0,3,0,0,0,0,0,0,0,0,0,0,0,0,0,0,0,0,0,0,0,0,0,0,0,0,2,0,3,0,0,0,0,0,0,0,0,0,0,0,0,3,2,1,2,0,4,3,1,5,3,4,0,0,3,4,4,0,3,0,0,0,1,0,4,0,0,4,0,0,1,0,0,2,0,0,0,3,4,2,0,3,0,0,0,0,0,0,0,0,0,0,0,2,0,0,0,4,0,0,0,0,0,4,4,4,0,2,2,2,3,0,0,0,2,0,2,3
2,,13,Mediolateral visual area,VISlm,0,3,3,0,4,0,0,0,0,0,0,0,4,0,0,0,0,0,0,0,0,0,0,0,0,0,0,0,0,0,0,0,0,0,0,0,0,0,0,0,0,0,0,0,0,0,0,0,0,0,0,0,0,0,0,0,0,0,0,0,0,0,0,0,2,0,0,0,0,0,0,0,0,0,0,0,0,5,6,7,0,7,0,6,6,2,0,0,3,0,0,3,0,4,3,0,0,0,1,0,0,0,0,0,0,0,0,0,0,0,0,0,0,0,0,0,0,0,0,0,0,0,0,0,0,0,0,0,0,0,0,0,0,0,0,0,0,0,0,2,0,2,0,0,0,0,0,0,0,0,0,0,0,0
2,,14,Primary auditory area,AUDp,1,0,0,5,0,0,0,0,2,5,0,0,0,6,4,0,0,2,0,0,0,0,0,0,0,0,0,0,0,0,0,0,0,0,0,0,0,0,0,0,0,0,0,0,0,0,0,0,0,0,0,0,0,0,0,0,0,0,0,0,0,0,0,0,0,0,0,0,0,0,0,0,0,0,0,0,0,2,0,3,6,0,3,3,3,3,7,0,0,0,0,5,6,0,3,0,0,2,1,0,0,0,1,0,0,0,1,0,0,0,0,0,0,0,0,0,0,0,0,0,0,0,0,0,0,0,0,0,0,0,0,0,0,0,0,0,0,0,0,3,0,2,0,0,0,2,0,0,0,0,3,0,0,0
2,,15,Posterior parietal association areas,PTLp,0,0,0,0,0,0,3,0,0,0,0,0,0,0,4,0,0,0,0,0,0,0,0,0,0,0,0,0,0,0,0,0,0,0,0,0,0,0,0,0,0,0,0,0,0,0,0,0,0,0,0,0,0,0,0,0,0,0,0,0,0,0,0,0,4,0,2,0,0,0,0,0,0,0,0,0,0,6,4,4,1,0,3,4,0,6,4,0,4,0,2,0,0,0,3,0,0,0,1,4,4,0,0,0,0,0,1,0,0,0,0,0,0,0,0,0,0,0,0,0,0,0,0,0,0,0,0,0,0,0,0,0,0,0,0,0,0,0,0,5,4,4,0,4,0,3,4,2,0,0,0,0,0,0
2,,16,Posterior auditory area,AUDpo,0,0,0,0,0,0,0,0,0,0,0,0,0,0,0,0,0,0,0,0,0,0,0,0,0,0,0,0,0,0,0,0,0,0,0,0,0,0,0,0,0,0,0,0,0,0,0,0,0,0,0,0,0,0,0,0,0,0,0,0,0,0,0,0,0,0,0,0,0,0,0,0,0,0,0,0,0,2,0,2,5,2,5,0,2,3,5,5,1,2,5,0,0,2,5,2,2,0,2,0,2,0,4,1,0,0,2,0,0,0,0,0,0,2,0,0,0,0,0,0,0,0,0,0,0,0,0,0,0,0,0,0,0,0,0,0,0,0,0,0,3,0,0,0,3,0,2,1,0,3,3,0,0,2
2,,17,Posterolateral visual area,VISpl,0,1,0,0,0,0,0,0,0,0,0,0,0,0,0,0,0,0,0,0,0,0,0,0,0,0,0,0,0,0,0,0,0,0,0,0,0,0,0,0,0,0,0,0,0,0,0,0,0,0,0,0,0,0,0,0,0,0,0,0,0,0,0,0,0,0,0,0,0,0,0,0,0,0,0,0,0,4,6,6,2,0,0,3,3,0,3,0,0,4,0,0,2,0,0,0,0,0,3,0,0,0,0,0,0,0,4,0,2,0,0,0,0,0,0,0,0,0,0,0,0,0,0,0,0,0,0,0,0,0,0,0,0,0,0,0,0,0,0,2,0,0,0,0,0,0,0,0,0,0,2,0,0,0
2,,18,Dorsal auditory areas,AUDd,0,0,0,0,0,0,0,0,0,0,0,0,0,0,0,0,0,0,0,0,0,0,0,0,0,0,0,0,0,0,0,0,0,0,0,0,0,0,0,0,0,0,0,0,0,0,0,0,0,0,0,0,0,0,0,0,0,0,0,0,0,0,0,0,0,0,0,0,0,0,0,0,0,0,0,0,0,3,0,3,6,0,0,3,4,3,5,0,0,0,6,4,6,0,0,0,0,0,1,0,6,0,0,0,0,0,1,0,0,0,0,0,0,0,0,0,0,0,0,0,0,0,0,0,0,0,0,0,0,0,0,0,0,0,0,0,0,0,0,3,0,0,0,0,0,0,1,0,0,0,0,0,0,0
2,,19,Intermediolateral visual area,VISli,0,0,0,0,0,0,2,0,0,0,0,0,0,0,0,0,0,0,0,0,0,0,0,0,0,0,0,0,0,0,0,0,0,0,0,0,0,0,0,0,0,0,0,0,0,0,0,0,0,0,0,0,0,0,0,0,0,0,0,0,0,0,0,0,2,0,0,0,0,0,0,0,0,0,0,0,0,3,6,6,1,4,0,4,6,4,1,0,3,0,0,3,1,0,2,0,0,0,1,0,0,0,0,0,0,0,1,0,0,0,0,0,0,0,0,0,0,0,0,0,0,0,0,0,0,0,0,0,0,0,0,0,0,0,0,0,0,0,0,3,0,2,0,0,0,0,0,0,0,0,2,0,0,0
2,,20,Laterolateral visual area,VISll,0,0,0,0,0,0,0,0,0,0,0,0,0,0,0,0,0,0,0,0,0,0,0,0,0,0,0,0,0,0,0,0,0,0,0,0,0,0,0,0,0,0,0,0,0,0,0,0,0,0,0,0,0,0,0,0,0,0,0,0,0,0,0,0,0,0,0,0,0,0,0,0,0,0,0,0,0,3,4,0,2,0,0,0,6,0,3,0,3,0,0,3,1,6,0,0,0,0,1,0,0,0,0,0,0,0,1,0,0,0,0,0,0,0,0,0,0,0,0,0,0,0,0,0,0,0,0,0,0,0,0,0,0,0,0,0,0,0,0,2,0,0,0,0,0,0,0,0,0,0,0,0,0,0
2,,21,Anterior laterolateral visual area,VISlla,0,0,0,0,0,0,2,0,0,0,0,0,0,0,0,0,0,0,0,0,0,0,0,0,0,0,0,0,0,0,0,0,0,0,0,0,0,0,0,0,0,0,0,0,0,0,0,0,0,0,0,0,0,0,0,0,0,0,0,0,0,0,0,0,2,0,0,0,0,0,0,0,0,0,0,0,0,4,6,0,2,0,0,4,6,0,3,0,3,3,0,0,1,0,3,0,0,0,0,0,1,0,0,0,0,0,0,0,0,0,0,0,0,0,0,0,0,0,0,0,0,0,0,0,0,0,0,0,0,0,0,0,0,0,0,0,0,0,0,3,0,2,0,0,0,0,0,0,0,0,0,0,0,0
2,MODULE 2,22,"Entorhinal area, Lateral part",ENTl,0,0,0,0,0,0,0,0,0,0,0,0,0,0,0,0,0,0,0,0,0,3,0,0,1,0,0,1,0,0,0,2,0,0,0,0,0,0,1,0,0,0,0,0,0,0,0,0,0,0,0,2,4,0,0,0,1,2,2,4,0,0,1,0,0,0,0,0,0,0,0,1,0,0,0,0,0,5,2,2,4,2,2,2,2,2,4,2,2,2,4,2,4,2,4,2,2,2,0,4,6,4,6,7,6,6,3,2,6,6,7,7,6,3,4,5,6,3,2,6,5,5,3,5,5,6,4,3,5,5,4,2,3,5,7,4,6,1,4,2,1,2,4,4,1,4,4,1,4,4,2,4,4,1
2,,23,Medial orbital area,ORBm,5,0,0,2,0,0,0,0,0,0,1,0,0,0,0,0,0,0,0,0,0,4,7,4,5,5,3,1,1,1,6,6,4,0,7,0,0,6,4,0,0,3,4,0,2,0,3,0,4,0,0,0,3,0,0,0,4,0,0,0,0,0,2,2,6,4,6,0,3,6,0,1,1,2,1,6,1,5,2,2,4,2,2,2,0,1,2,3,2,1,2,3,3,0,1,1,1,1,5,0,5,6,6,4,3,2,3,6,7,4,0,7,0,0,6,4,0,1,6,6,4,4,0,5,0,4,6,4,0,5,0,0,0,4,0,0,0,0,0,6,4,6,6,6,4,5,6,4,3,4,4,4,6,4
2,,24,Perirhinal area,PERI,4,0,0,2,0,4,0,0,3,1,2,2,0,1,2,0,0,1,0,0,0,4,0,6,2,0,4,2,0,0,0,2,4,0,4,0,4,4,1,4,3,2,0,0,0,0,0,0,0,0,0,0,1,0,0,0,1,0,0,0,0,0,3,0,3,0,0,1,2,0,0,0,2,0,0,1,0,7,3,2,4,0,6,1,0,6,4,2,6,2,4,4,2,2,2,2,0,2,6,2,0,3,5,7,4,6,2,0,4,4,0,7,1,6,6,2,5,6,2,0,0,0,1,4,0,0,0,0,4,2,4,0,2,2,0,0,0,0,0,6,1,5,1,2,1,4,2,0,1,3,3,0,4,1
2,,25,Piriform area,PIR,0,0,0,0,0,0,0,0,0,0,0,0,0,0,0,0,0,0,0,0,0,4,0,0,0,0,0,0,0,0,0,0,0,0,0,0,0,0,0,2,0,0,4,0,0,0,0,0,3,0,0,0,0,0,0,0,0,0,0,0,0,0,0,0,0,0,0,0,0,0,0,0,0,0,0,0,0,1,0,0,0,0,1,0,0,1,1,0,0,0,1,0,0,0,0,0,0,0,7,2,5,0,4,5,0,3,7,6,4,3,4,6,0,0,0,6,6,0,6,6,4,4,0,6,0,4,6,2,0,6,0,0,5,6,0,0,3,2,0,0,0,1,0,2,0,0,6,0,0,0,0,0,4,0
2,,26,Lateral amygdalar nucleus,LA,0,0,0,0,0,0,0,0,0,0,0,0,0,0,0,0,0,0,0,0,0,0,0,0,0,0,0,0,0,0,0,0,0,0,0,0,0,0,0,0,0,0,0,0,0,0,0,0,0,0,0,0,0,0,0,0,0,0,0,0,0,0,0,0,0,0,0,0,0,0,0,0,0,0,0,0,0,7,1,1,3,1,0,0,0,0,2,2,0,0,1,2,1,0,1,0,1,2,6,0,7,4,0,4,4,6,3,2,2,6,6,0,7,0,0,0,3,3,3,6,2,7,6,2,5,5,1,4,3,0,2,6,0,0,0,2,0,0,0,3,3,4,0,0,0,0,0,0,4,0,0,0,0,0
2,,27,Posterior agranular insular area,AIp,0,0,0,0,0,0,0,0,0,0,0,0,0,0,2,0,0,0,0,0,0,0,0,0,0,0,4,2,0,0,0,0,0,0,4,0,0,4,0,0,4,0,0,0,0,0,0,0,0,0,0,0,0,0,0,0,0,0,0,0,0,0,3,0,0,0,2,0,0,0,0,0,0,0,0,3,0,2,0,0,1,0,5,0,0,4,0,3,4,0,0,2,0,0,0,0,0,0,5,3,5,7,6,0,6,4,1,6,6,3,0,5,0,3,5,1,2,6,7,1,0,7,0,6,0,3,4,1,0,1,0,0,0,1,0,0,0,0,0,5,0,4,0,2,0,2,3,0,0,0,0,0,4,0
2,,28,Prelimbic area,PL,5,0,0,0,0,0,0,0,0,0,4,0,0,0,0,0,0,0,0,0,0,4,4,4,2,4,0,6,5,4,0,5,6,0,7,0,0,7,4,0,0,0,0,2,1,0,0,0,0,0,3,0,4,0,0,0,2,0,0,0,0,0,4,0,4,3,3,0,1,4,0,1,0,0,0,3,0,4,0,0,0,0,0,0,0,0,0,4,0,0,0,0,0,0,0,0,0,0,3,4,4,2,4,0,0,5,3,0,5,6,0,6,0,0,6,4,0,0,0,0,2,1,0,0,0,1,0,3,0,4,0,0,0,2,0,0,0,0,0,5,1,4,4,3,2,3,4,1,1,2,1,0,3,2
2,,29,"Basolateral amygdalar nucleus, Posterior part",BLAp,0,0,0,0,0,0,0,0,0,0,0,0,0,0,0,0,0,0,0,0,0,0,0,0,1,0,0,3,2,0,0,0,2,0,0,0,0,0,0,0,0,0,0,0,0,0,0,0,0,0,0,0,0,0,0,0,0,0,0,0,0,0,4,0,0,0,0,0,0,0,0,0,0,0,0,0,0,3,1,2,2,0,1,1,1,2,1,1,0,0,1,2,0,0,1,0,0,0,6,2,4,2,4,1,7,0,6,3,6,7,2,2,6,1,2,2,7,0,6,2,7,4,5,3,6,2,2,2,2,1,4,6,0,1,0,2,0,0,0,5,0,2,0,6,0,4,4,0,6,0,0,0,0,0
2,,30,"Entorhinal area, Medial part",ENTm,0,0,0,0,0,0,0,0,0,0,0,0,0,0,0,0,0,0,0,0,0,0,0,0,1,0,0,0,0,0,0,0,0,0,0,2,0,0,3,0,0,0,0,0,0,1,0,1,0,0,0,3,0,1,0,0,0,2,2,0,0,0,0,0,0,0,0,0,0,0,0,2,0,0,0,0,0,6,1,1,2,1,1,1,1,1,1,1,1,1,1,1,1,1,1,1,1,1,6,1,6,2,0,2,1,0,0,5,2,0,0,2,4,1,1,7,2,1,0,0,0,0,4,0,2,0,0,0,6,4,6,1,0,4,7,4,6,0,0,1,1,2,1,0,1,1,1,1,6,4,1,3,1,1
2,,31,"Endopiriform nucleus, Dorsal part",EPd,0,0,0,0,0,0,0,0,0,0,0,0,0,0,0,0,0,0,0,0,0,0,0,0,0,0,0,3,0,0,0,0,0,0,0,0,0,0,0,0,0,0,0,0,0,0,0,0,0,0,0,0,0,0,0,0,0,0,0,0,0,0,0,0,0,0,0,0,1,0,0,0,0,0,0,0,0,2,0,0,0,0,0,0,0,0,0,0,0,0,0,0,0,0,0,0,0,0,6,1,6,7,1,5,6,1,2,0,4,0,6,4,1,0,3,7,6,0,4,6,4,6,2,4,1,6,4,3,0,4,0,3,1,5,1,0,4,0,0,0,0,1,0,2,0,2,3,0,1,0,0,1,3,0
2,,32,Infralimbic area,ILA,3,0,0,2,0,0,0,0,0,0,0,0,0,0,0,0,0,0,0,0,0,4,3,2,2,6,3,3,2,3,2,6,0,0,3,0,0,3,2,0,0,0,1,0,3,0,1,0,1,2,0,0,3,0,0,0,3,0,0,0,1,0,2,0,1,1,3,0,0,0,0,0,0,0,0,0,0,3,2,0,2,3,0,1,0,0,0,0,2,0,0,0,0,0,0,0,0,0,4,4,2,4,6,4,4,2,3,2,0,3,3,3,1,0,3,4,1,0,2,6,4,5,1,5,0,6,6,4,0,4,1,1,1,4,0,0,0,4,2,4,1,1,2,4,0,2,1,0,1,0,1,2,1,1
2,,33,"Basolateral amygdalar nucleus, Anterior part",BLAa,0,0,0,0,0,0,0,0,0,0,0,2,0,0,0,0,0,0,0,0,0,1,0,0,1,0,2,0,2,0,0,0,6,0,0,0,0,2,0,0,0,0,0,0,0,1,0,0,0,0,0,0,0,1,0,0,0,0,0,0,0,0,2,0,0,0,0,0,0,0,0,1,0,0,0,2,0,4,0,0,0,0,3,2,0,2,0,5,4,0,0,0,0,0,0,0,0,0,4,1,4,3,2,3,0,6,2,2,0,0,2,0,2,3,5,4,3,2,2,2,6,2,2,2,1,2,0,6,0,4,1,2,0,1,0,2,2,0,0,6,0,4,0,0,0,3,0,0,3,0,0,0,4,0
2,,34,"Cortical amygdala area, Posterior part, Medial zone",COApm,0,0,0,0,0,0,0,0,0,0,0,0,0,0,0,0,0,0,0,0,0,0,0,0,1,0,0,0,0,0,0,0,0,4,0,0,0,0,0,0,0,0,0,0,0,0,0,0,0,0,0,0,0,0,0,0,0,0,0,0,0,0,0,0,0,0,0,0,0,0,0,0,0,0,0,0,0,1,0,0,0,0,0,0,0,0,0,0,0,0,0,0,0,0,0,0,0,0,6,0,3,6,0,3,0,2,4,5,4,3,0,4,7,0,4,3,6,0,5,5,0,6,6,6,2,6,6,0,2,4,0,2,2,4,0,1,0,5,0,0,0,0,0,0,0,0,0,0,2,0,0,0,0,0
2,,35,Ventral agranular insular area,AIv,0,0,0,0,0,0,0,0,0,0,0,0,0,0,0,0,0,0,0,0,0,0,3,0,0,0,0,4,0,0,0,0,0,0,6,0,0,0,0,0,0,0,0,0,0,0,0,0,0,0,0,0,0,0,0,0,0,0,0,0,0,0,6,0,0,0,3,0,0,0,0,0,0,0,0,0,0,3,0,0,2,0,0,0,0,0,0,0,0,0,0,0,0,0,0,0,0,0,6,4,4,6,0,5,4,3,2,5,2,3,1,0,0,0,6,0,0,0,0,0,0,0,2,0,0,1,3,0,0,0,0,0,0,0,0,0,0,0,0,6,0,3,0,3,0,1,3,0,0,0,0,0,4,0
2,,36,"Field CA1, Ventral part",CA1v,0,0,0,0,0,0,0,0,0,0,0,0,0,0,0,0,0,0,0,0,0,0,0,0,0,0,0,0,0,0,0,0,0,0,0,0,0,0,1,0,0,0,0,0,0,0,0,0,0,0,0,0,1,0,0,0,1,0,0,0,0,0,0,0,0,0,0,0,0,0,0,0,0,0,0,0,0,3,1,1,4,1,2,0,0,0,2,3,0,0,2,2,4,1,2,0,1,0,6,2,3,4,4,4,6,1,7,4,6,4,6,4,0,3,4,4,6,4,2,3,4,6,7,5,1,4,4,1,0,4,0,1,2,3,2,2,0,5,0,2,1,4,4,3,0,4,1,0,4,0,0,2,0,0
2,,37,Visceral area,VISC,4,0,0,4,0,0,0,0,0,0,2,0,0,0,0,0,0,0,0,0,0,0,0,4,0,0,0,0,3,0,0,0,0,0,0,0,6,0,0,0,6,0,0,0,0,0,0,0,0,0,0,0,0,0,0,0,0,0,0,0,0,0,0,0,0,0,0,0,0,0,0,0,0,0,0,0,0,5,1,1,4,0,7,0,5,5,4,4,5,0,3,0,0,0,2,0,0,0,4,0,6,2,5,6,0,5,1,4,0,6,0,2,0,0,6,0,0,7,2,0,0,1,0,2,0,2,2,0,0,0,0,0,0,0,0,0,0,0,0,4,0,3,0,1,0,0,2,0,0,0,0,0,4,0
2,,38,Dorsal agranular insular area,AId,0,0,0,0,0,0,0,0,0,0,0,0,0,0,0,0,0,0,0,0,0,0,0,0,0,2,3,3,1,0,0,1,2,0,0,0,0,6,0,0,0,0,0,0,0,0,0,0,0,0,0,0,0,0,0,0,0,0,0,0,0,0,4,0,0,0,2,0,1,0,0,0,0,0,0,4,0,4,0,0,0,0,0,0,2,0,0,0,0,0,0,0,0,0,0,0,0,0,5,1,5,4,5,6,5,4,1,0,3,6,0,3,0,4,0,0,0,5,1,0,0,0,0,0,0,0,0,1,0,0,0,0,0,0,0,0,0,0,0,4,0,3,0,3,0,3,0,0,0,0,0,0,4,0
2,,39,Anterior olfactory area,AOA,0,0,0,0,0,0,0,0,0,0,0,0,0,0,0,0,0,0,0,0,0,0,0,0,5,0,0,0,0,0,0,0,0,0,0,0,0,0,6,0,0,0,0,0,0,0,0,0,0,0,0,0,0,0,0,4,0,0,0,0,0,0,0,0,0,0,2,0,0,0,0,0,0,0,0,0,0,0,0,0,0,0,0,0,0,0,0,0,0,0,0,0,0,0,0,0,0,0,1,4,0,5,0,0,4,0,0,6,4,0,0,4,0,0,0,0,0,0,0,0,2,0,0,0,0,0,0,0,0,2,0,0,7,2,0,0,0,2,0,1,0,0,0,2,0,0,3,0,0,0,0,0,5,0
2,,40,Postpiriform transition area,TR,0,0,0,0,0,0,0,0,0,0,0,0,0,0,0,0,0,0,0,0,0,0,0,0,0,0,0,0,0,0,0,0,0,0,0,0,0,0,0,0,0,0,0,0,0,0,0,0,0,0,0,0,0,0,0,0,0,0,0,0,0,0,0,0,0,0,0,0,0,0,0,0,0,0,0,0,0,2,0,0,0,0,0,0,0,0,0,0,0,0,0,0,0,0,0,0,0,0,6,0,0,5,0,6,0,4,6,4,6,2,2,0,4,2,0,4,0,2,5,2,6,2,2,4,2,2,3,1,2,4,1,2,0,3,0,0,0,0,0,0,0,2,0,0,0,0,0,0,0,0,0,0,0,0
2,,41,Gustatory area,GU,3,0,0,3,0,0,0,0,2,0,0,4,0,0,0,0,0,0,0,0,0,0,0,4,0,0,0,0,4,0,0,0,3,0,0,0,6,0,0,0,6,0,0,0,3,0,2,0,0,0,0,0,0,0,0,0,0,0,0,0,0,0,4,0,0,0,0,0,0,0,0,0,0,0,0,3,0,3,0,0,3,0,4,0,0,3,0,0,4,0,0,0,0,0,0,0,0,0,3,0,4,4,6,3,1,6,0,2,0,5,4,3,0,6,6,0,2,0,4,2,0,5,0,4,0,4,4,0,0,0,0,0,0,0,0,0,0,0,0,4,0,2,0,0,0,0,3,0,0,0,0,0,4,0
2,,42,"Endopiriform nucleus, Ventral part",EPv,0,0,0,0,0,0,0,0,0,0,0,0,0,0,0,0,0,0,0,0,0,0,0,0,0,0,0,0,0,0,0,0,0,0,0,0,0,0,0,0,0,0,0,0,0,0,0,0,0,0,0,0,0,0,0,0,0,0,0,0,0,0,4,0,0,0,0,0,0,0,0,0,0,0,0,0,0,0,0,0,0,0,0,0,0,0,0,0,0,0,0,0,0,0,0,0,0,0,6,0,4,6,0,0,0,0,0,6,0,0,5,0,3,0,0,0,4,0,0,6,4,0,5,0,0,6,4,0,0,0,0,0,0,0,0,0,0,0,0,3,0,0,0,0,0,0,0,0,4,0,0,0,0,0
2,,43,Piriform-amygdalar area,PAA,0,0,0,0,0,0,0,0,0,0,0,0,0,0,0,0,0,0,0,0,0,0,0,0,0,0,0,0,0,0,0,0,0,0,0,0,0,0,0,0,0,0,0,0,0,0,0,0,0,0,0,0,0,0,0,0,0,0,0,0,0,0,0,0,0,0,0,0,0,0,0,0,0,0,0,0,0,0,0,0,0,0,0,0,0,0,0,0,0,0,0,0,0,0,0,0,0,0,6,3,4,4,6,5,3,0,3,3,0,0,4,5,2,0,2,2,5,0,2,0,2,1,0,2,0,4,1,0,0,0,0,0,0,0,0,0,0,0,0,0,0,0,0,0,0,0,0,0,0,0,0,0,0,0
2,,44,Nucleus of lateral olfactory tract,NLOT,0,0,0,0,0,0,0,0,0,0,0,0,0,0,0,0,0,0,0,0,0,0,0,0,6,1,0,0,0,0,1,0,1,0,0,0,0,0,2,0,0,7,0,3,0,0,0,0,0,0,0,0,0,0,0,2,1,0,0,0,0,0,0,0,0,0,0,0,0,0,0,0,0,0,0,0,0,0,0,0,0,0,0,0,0,0,0,0,0,0,0,0,0,0,0,0,0,0,4,0,0,6,1,4,0,0,0,5,2,1,0,4,0,0,0,4,0,0,7,0,0,0,0,4,0,0,0,2,0,1,0,0,6,4,0,0,0,0,0,0,0,0,0,0,0,0,2,0,0,0,0,0,0,0
2,,45,"Basomedial amygdalar nucleus, Posterior part",BMAp,0,0,0,0,0,0,0,0,0,0,0,0,0,0,0,0,0,0,0,0,0,0,0,0,1,2,0,0,0,0,0,1,0,0,0,0,0,0,0,0,0,0,0,0,2,0,0,0,0,0,0,0,0,0,0,0,0,0,0,0,0,0,0,0,0,0,0,0,0,0,0,0,0,0,0,0,0,6,0,0,2,0,0,0,0,1,1,0,0,0,1,1,1,0,1,0,0,0,4,0,6,2,6,2,2,2,2,2,4,1,3,2,4,1,2,3,1,0,2,4,1,0,4,2,2,3,1,2,0,2,0,2,0,0,0,2,0,0,0,3,0,2,0,0,0,0,2,0,4,0,0,0,2,0
2,,46,"Subiculum, Ventral part",SUBv,0,0,0,0,0,0,0,0,0,0,0,0,0,0,0,0,0,0,0,0,0,0,0,0,0,0,0,0,0,0,0,0,0,0,0,0,0,0,0,0,0,0,0,0,0,0,0,0,0,0,0,0,0,0,0,0,0,0,0,0,0,0,0,0,0,0,0,0,0,0,0,0,0,0,0,0,0,1,0,0,0,0,0,0,0,0,0,0,0,0,0,0,0,0,0,0,0,0,3,5,1,3,2,2,4,2,3,4,3,2,4,2,3,0,2,4,5,0,2,4,4,7,0,2,3,5,3,4,0,4,0,4,0,4,3,3,0,0,0,0,0,3,0,3,3,3,0,3,5,0,1,4,0,0
2,,47,"Basomedial amygdalar nucleus, Anterior part",BMAa,0,0,0,0,0,0,0,0,0,0,0,0,0,0,0,0,0,0,0,0,0,0,0,0,0,0,2,0,0,0,0,0,0,0,0,0,0,0,0,0,0,0,0,0,0,0,2,0,0,0,0,0,0,0,0,0,0,0,0,0,0,0,0,0,0,0,0,0,0,0,0,0,0,0,0,0,0,1,0,0,0,0,0,0,0,0,0,0,0,0,0,0,0,0,0,0,0,0,6,0,1,2,2,4,0,5,0,1,2,1,4,2,1,0,2,0,5,0,1,4,1,4,2,0,0,4,6,1,0,0,0,0,0,0,0,0,0,0,0,0,0,0,0,0,0,0,0,0,0,0,0,0,0,0
2,,48,Field CA3,CA3,0,0,0,0,0,0,0,0,0,0,0,0,0,0,0,0,0,0,0,0,0,0,0,0,0,0,0,0,0,0,0,0,0,0,0,6,0,0,0,0,0,0,0,0,0,3,0,3,0,0,0,6,0,3,0,0,0,2,6,0,0,0,0,0,0,0,0,0,0,0,0,0,0,0,0,0,0,0,0,0,0,0,0,0,0,0,0,0,0,0,0,0,0,0,0,0,0,0,2,0,0,0,0,0,0,0,2,0,0,0,0,0,6,0,0,0,0,0,0,0,0,0,3,0,0,0,0,0,6,0,3,0,0,0,3,6,0,0,0,0,0,0,0,0,0,0,0,0,0,0,0,0,0,0
2,,49,"Cortical amygdala area, Posterior part, Lateral zone",COApl,0,0,0,0,0,0,0,0,0,0,0,0,0,0,0,0,0,0,0,0,0,0,0,0,0,0,0,0,0,0,0,0,0,4,0,0,0,0,0,0,0,0,0,0,0,0,0,0,2,0,0,0,0,0,0,0,0,0,0,0,0,0,0,0,0,0,0,0,0,0,0,0,0,0,0,0,0,2,0,0,1,0,0,0,0,0,0,0,0,0,0,0,0,0,0,0,0,0,4,2,4,2,1,3,0,2,1,2,0,0,5,4,4,0,0,0,5,0,0,6,1,1,4,1,2,0,0,0,0,0,0,3,0,0,0,2,0,0,0,0,0,2,0,0,0,0,0,0,0,0,0,0,0,0
2,,50,"Cortical amygdala area, Anterior part",COAa,0,0,0,0,0,0,0,0,0,0,0,0,0,0,0,0,0,0,0,0,0,0,0,0,0,0,0,0,0,0,0,0,0,0,0,0,0,0,0,0,0,0,0,0,0,0,0,0,0,0,0,0,0,0,0,0,0,0,0,0,0,0,0,0,0,0,0,0,0,0,0,0,0,0,0,0,0,0,0,0,0,0,0,0,0,0,0,0,0,0,0,0,0,0,0,0,0,0,2,0,1,4,0,0,0,1,0,2,0,0,2,0,0,0,0,0,5,0,3,6,0,1,0,7,0,2,0,1,0,0,0,0,3,0,0,0,0,0,0,0,0,0,0,0,0,0,0,0,0,0,0,0,0,0
2,,51,"Nucleus of lateral olfactory tract, dorsal cap",NLOT3,0,0,0,0,0,0,0,0,0,0,0,0,0,0,0,0,0,0,0,0,0,0,0,1,1,4,2,1,3,0,2,0,7,0,1,0,0,2,1,0,0,0,0,0,1,0,0,0,0,0,6,0,1,0,0,0,1,0,0,0,0,0,4,0,0,0,0,0,0,0,0,0,0,0,0,1,0,0,0,0,0,0,0,0,0,0,0,0,0,0,0,0,0,0,0,0,0,0,1,0,2,2,4,3,3,4,0,2,2,4,2,2,0,0,3,1,2,0,1,2,6,2,0,2,0,2,2,0,0,1,0,0,2,1,0,0,0,0,0,4,0,0,0,0,0,0,1,0,0,0,0,0,2,0
2,,52,"Field CA1, Dorsal part",CA1d,0,0,0,0,0,0,0,0,0,0,0,0,0,0,0,0,0,0,0,0,0,0,0,0,0,0,0,0,0,0,0,0,0,0,0,0,0,0,0,0,0,0,0,0,0,0,0,0,0,0,0,2,0,2,0,0,0,0,0,0,0,0,0,0,0,0,0,0,0,0,0,0,0,0,0,0,0,0,0,0,0,0,0,0,0,0,0,0,0,0,0,0,0,0,0,0,0,0,6,3,0,0,0,0,2,0,2,0,3,0,0,0,0,0,0,0,0,0,0,0,0,0,0,0,0,0,0,0,0,2,7,0,0,0,2,0,0,0,4,1,2,0,2,3,2,0,0,1,1,0,2,2,1,3
2,,53,"Tenia tecta, Dorsal part",TTd,0,0,0,0,0,0,0,0,0,0,0,0,0,0,0,0,0,0,0,0,0,0,0,0,0,0,0,0,0,0,0,0,0,0,0,0,0,0,0,0,0,0,0,0,0,0,0,0,0,0,0,0,0,0,0,0,0,0,0,0,0,0,0,0,0,0,0,0,0,0,0,0,0,0,0,0,0,0,0,0,0,0,0,0,0,0,0,0,0,0,0,0,0,0,0,0,0,0,0,6,2,2,0,0,4,0,0,0,3,0,0,0,0,0,0,6,1,0,0,0,4,0,0,0,0,0,0,0,0,0,0,0,2,5,0,0,0,0,0,0,0,0,0,0,0,3,3,0,0,0,0,0,0,0
2,,54,"Subiculum, Dorsal part",SUBd,0,0,0,0,0,0,0,0,0,0,0,0,0,0,0,0,0,0,0,0,0,0,0,0,0,0,0,0,0,0,0,0,0,0,0,0,0,0,0,0,0,0,0,0,0,0,0,0,0,0,0,0,0,0,0,0,0,0,0,0,0,0,0,0,0,0,0,0,0,0,0,0,0,0,0,0,0,6,0,0,0,0,0,0,0,0,0,0,0,0,0,0,0,0,0,0,0,0,2,4,5,0,0,0,4,0,2,0,4,0,0,2,0,0,2,0,1,0,0,0,0,0,0,0,3,0,0,0,4,3,0,0,0,1,2,0,0,0,0,0,6,0,1,0,3,1,0,3,0,4,0,0,0,4
2,,55,Posterior amygdalar nucleus,PA,0,0,0,0,0,0,0,0,0,0,0,0,0,0,0,0,0,0,0,0,0,0,0,0,0,0,0,0,0,0,0,0,0,0,0,0,0,0,0,0,0,0,0,0,0,0,0,0,0,0,0,0,0,0,0,0,0,0,0,0,0,0,0,0,0,0,0,0,0,0,0,0,0,0,0,0,0,2,0,0,2,0,0,0,0,0,0,0,0,0,0,0,0,0,0,0,0,0,5,0,2,0,0,0,0,3,5,3,2,0,7,0,5,0,0,0,4,0,2,0,0,3,6,1,4,2,0,0,0,0,0,0,0,0,0,2,0,0,0,0,0,2,0,0,0,0,0,0,0,0,0,0,0,0
2,,56,Main olfactory bulb,MOB,0,0,0,0,0,0,0,0,0,0,0,0,0,0,0,0,0,0,0,0,0,0,0,0,0,0,0,0,0,0,0,0,0,0,0,0,0,0,0,0,0,0,0,0,0,0,0,0,0,0,0,0,0,0,0,0,0,0,0,0,0,0,0,0,0,0,0,0,0,0,0,0,0,0,0,0,0,0,0,0,0,0,0,0,0,0,0,0,0,0,0,0,0,0,0,0,0,0,3,0,0,6,0,2,0,0,2,0,2,0,0,0,0,0,0,7,4,0,0,4,4,0,0,0,0,4,4,0,0,2,0,0,0,3,0,0,2,0,0,0,0,0,0,0,0,0,0,0,0,0,0,0,0,0
2,,57,"Tenia tecta, Ventral part",TTv,0,0,0,0,0,0,0,0,0,0,0,0,0,0,0,0,0,0,0,0,0,0,0,0,0,0,0,0,0,0,0,0,0,0,0,0,0,0,0,0,0,0,0,0,0,0,0,0,0,0,0,0,0,0,0,0,0,0,0,0,0,0,0,0,0,0,0,0,0,0,0,0,0,0,0,0,0,0,0,0,0,0,0,0,0,0,0,0,0,0,0,0,0,0,0,0,0,0,0,0,0,2,0,0,3,0,0,5,4,0,0,0,0,0,0,7,2,0,0,0,0,0,0,0,0,0,0,0,0,5,0,0,2,0,0,0,0,0,0,0,0,0,0,0,0,0,0,0,0,0,0,0,0,0
2,,58,Dentate gyrus,DG,0,0,0,0,0,0,0,0,0,0,0,0,0,0,0,0,0,0,0,0,0,0,0,0,0,0,0,0,0,0,0,0,0,0,0,0,0,0,0,0,0,0,0,0,0,0,0,0,0,0,0,0,0,0,0,0,0,4,0,0,0,0,0,0,0,0,0,0,0,0,0,0,0,0,0,0,0,0,0,0,0,0,0,0,0,0,0,0,0,0,0,0,0,0,0,0,0,0,0,0,0,0,0,0,0,0,0,0,0,0,0,0,0,0,0,0,0,0,0,0,0,0,0,0,6,0,0,0,0,0,0,0,0,0,0,0,0,0,0,0,0,0,0,0,0,0,0,0,0,0,0,0,0,0
2,,59,Field CA2,CA2,0,0,0,0,0,0,0,0,0,0,0,0,0,0,0,0,0,0,0,0,0,0,0,0,0,0,0,0,0,0,0,0,0,0,0,4,0,0,0,0,0,0,0,0,0,3,0,4,0,0,0,0,0,0,0,0,0,0,4,0,0,0,0,0,0,0,0,0,0,0,0,0,0,0,0,0,0,0,0,0,0,0,0,0,0,0,0,0,0,0,0,0,0,0,0,0,0,0,3,0,0,0,0,0,0,0,4,0,0,0,0,0,4,0,0,0,0,0,0,0,0,0,3,0,4,0,0,0,0,0,0,0,0,0,4,0,0,0,0,0,0,0,0,0,0,0,0,0,2,0,0,0,0,0
2,,60,Indusium griseum,IG,0,0,0,0,0,0,0,0,0,0,0,0,0,0,0,0,0,0,0,0,0,0,0,0,0,0,0,0,0,0,0,0,0,0,0,0,0,0,0,0,0,0,0,0,0,0,0,0,0,0,0,0,0,0,0,0,0,0,0,0,0,0,0,0,0,0,0,0,0,0,0,0,0,0,0,0,0,0,0,0,0,0,0,0,0,0,0,0,0,0,0,0,0,0,0,0,0,0,0,0,0,0,0,0,0,0,0,0,0,0,0,0,0,0,0,0,0,0,0,0,0,0,0,0,0,0,0,0,0,0,0,0,0,0,0,0,0,0,0,0,0,0,0,0,0,0,0,0,0,0,0,0,0,0
2,,61,Accessory olfactory bulb,AOB,0,0,0,0,0,0,0,0,0,0,0,0,0,0,0,0,0,0,0,0,0,0,0,0,0,0,0,0,0,0,0,0,0,0,0,0,0,0,0,0,0,0,0,0,0,0,0,0,0,0,0,0,0,0,0,0,0,0,0,0,0,0,0,0,0,0,0,0,0,0,0,0,0,0,0,0,0,0,0,0,0,0,0,0,0,0,0,0,0,0,0,0,0,0,0,0,0,0,0,0,0,2,0,0,0,0,0,0,0,0,6,0,0,0,0,0,0,0,0,0,4,0,0,0,0,1,0,0,0,0,0,0,2,0,0,0,0,0,0,0,0,0,0,0,0,0,0,0,0,0,0,0,0,0
2,,62,Fasciola cinerea,FC,0,0,0,0,0,0,0,0,0,0,0,0,0,0,0,0,0,0,0,0,0,0,0,0,0,0,0,0,0,0,0,0,0,0,0,0,0,0,0,0,0,0,0,0,0,0,0,0,0,0,0,0,0,0,0,0,0,0,0,0,0,0,0,0,0,0,0,0,0,0,0,0,0,0,0,0,0,0,0,0,0,0,0,0,0,0,0,0,0,0,0,0,0,0,0,0,0,0,0,0,0,0,0,0,0,0,0,0,0,0,0,0,0,0,0,0,0,0,0,0,0,0,0,0,0,0,0,0,0,0,0,0,0,0,0,0,0,0,0,0,0,0,0,0,0,0,0,0,0,0,0,0,0,0
2,MODULE 3,63,Secondary somatomotor areas,MOs,3,2,0,0,0,3,1,2,0,1,0,3,0,1,3,1,0,1,0,0,0,0,3,3,0,4,5,4,2,0,0,0,6,0,1,0,3,1,0,0,0,0,0,0,0,0,0,0,0,0,0,0,0,0,0,0,0,0,0,0,0,0,4,0,3,3,2,0,3,5,0,0,0,0,0,6,1,4,4,4,4,3,5,5,5,5,3,4,4,0,3,5,3,2,3,4,0,4,5,3,4,0,3,6,5,1,0,0,4,5,0,3,0,3,4,0,0,2,0,0,0,0,0,0,0,0,0,0,0,0,0,0,0,0,0,0,0,0,0,0,4,4,4,4,3,5,6,4,0,4,3,1,6,4
2,,64,Claustrum,CLA,2,2,0,2,0,0,2,0,0,0,0,4,0,0,3,0,0,0,0,0,0,1,0,1,0,0,0,0,0,3,0,0,0,0,0,0,0,0,0,0,0,0,0,0,0,0,0,0,0,0,0,0,0,0,0,0,0,0,0,0,0,0,4,7,0,0,0,2,0,0,2,1,1,0,1,0,5,4,4,4,4,5,0,4,6,2,4,5,6,4,4,4,4,5,4,4,5,3,3,1,3,0,0,0,1,0,5,0,1,0,0,0,0,0,0,0,0,0,0,0,0,0,2,0,0,0,0,0,0,0,2,0,0,0,0,0,0,0,0,6,0,3,6,1,3,6,0,6,5,6,2,6,1,6
2,,65,"Retrosplenial region, Dorsal part",RSPd,0,0,0,0,0,0,0,0,0,0,0,0,0,0,3,0,0,0,0,0,0,2,0,2,0,0,0,2,0,0,0,1,0,0,0,0,0,0,0,0,0,0,0,0,0,0,0,0,0,0,0,0,0,0,0,0,0,0,0,0,0,0,3,0,2,0,3,0,2,1,0,0,0,0,0,2,1,6,1,1,3,4,1,4,1,1,1,6,4,1,0,4,0,0,1,1,0,1,6,3,7,1,2,5,6,2,0,1,6,2,0,4,0,5,4,7,0,5,2,0,2,0,0,0,0,0,0,0,0,2,0,0,0,2,0,0,0,0,0,6,4,0,3,5,4,6,5,2,3,2,4,3,7,2
2,,66,"Anterior cingulate area, Ventral part",ACAv,0,0,0,0,0,0,0,0,0,0,1,0,0,0,0,0,0,0,0,0,0,5,2,0,0,0,0,0,0,4,0,0,0,0,0,0,0,0,0,0,0,0,0,0,0,0,0,0,0,0,0,0,0,0,0,0,0,0,0,0,0,0,3,0,2,6,0,0,6,0,0,1,1,0,1,0,0,2,3,3,2,2,0,4,0,0,0,2,0,2,2,3,2,1,3,2,2,3,6,4,0,0,0,0,4,0,5,0,2,0,0,0,0,0,0,0,0,0,0,0,0,0,0,0,0,0,0,0,0,0,0,0,0,0,0,0,0,0,0,5,6,3,0,1,6,6,0,2,4,6,5,5,0,6
2,,67,Ventral orbital area,ORBv,3,0,1,3,1,1,3,0,0,0,0,0,0,2,1,1,0,1,0,0,0,2,6,2,0,2,1,4,2,0,2,3,3,0,2,0,0,3,0,0,0,0,0,0,0,0,0,0,0,0,0,0,0,0,0,0,0,0,0,0,0,0,1,0,3,4,7,0,5,5,0,0,0,4,0,4,0,4,4,3,4,3,3,4,0,4,2,4,4,3,3,3,3,0,2,3,3,3,3,6,2,2,2,2,6,2,2,3,4,3,0,3,0,2,4,0,0,4,0,0,2,0,0,2,0,0,0,2,0,0,0,0,0,0,0,0,0,0,0,6,6,4,5,0,3,7,5,4,4,4,7,4,4,4
2,,68,"Anterior cingulate area, Dorsal part",ACAd,0,0,0,0,0,0,0,0,0,0,0,0,0,0,0,0,0,0,0,0,0,0,0,0,0,0,0,0,0,0,0,0,0,0,0,0,0,0,0,0,0,0,0,0,0,0,0,0,0,0,0,0,0,0,0,0,0,0,0,0,0,0,0,2,0,4,0,6,0,0,2,0,4,3,4,0,0,2,2,0,1,2,0,0,0,0,0,0,0,2,0,2,0,2,0,2,2,0,2,0,0,0,0,0,0,0,4,0,0,0,0,0,0,0,0,0,0,0,0,0,0,0,4,0,0,0,0,0,0,0,0,0,0,0,0,0,0,0,0,1,2,0,6,0,0,1,0,7,4,6,6,6,0,7
2,,69,"Retrosplenial region, Ventral part, Zone a",RSPv.a,0,0,0,2,0,0,0,0,0,0,0,0,0,0,2,0,0,0,0,0,0,2,3,0,0,0,0,3,0,0,0,2,3,0,0,0,0,0,0,0,0,0,0,0,0,0,0,0,0,0,0,0,0,0,0,0,0,0,0,0,0,0,3,2,4,2,2,0,4,0,0,1,1,0,1,0,0,2,4,1,4,4,1,2,0,0,0,1,0,2,0,4,0,0,0,2,2,2,4,4,4,0,0,0,3,3,1,0,1,3,0,0,0,0,0,0,0,0,0,0,0,0,0,0,0,0,0,0,0,0,0,0,0,0,0,0,0,0,0,4,3,6,5,3,2,0,2,1,4,5,5,5,1,3
2,,70,"Retrosplenial region, Ventral part, Zone b/c",RSPv.b/c,0,0,0,0,0,0,0,0,0,0,0,0,0,0,0,0,0,0,0,0,0,0,3,0,3,0,1,0,0,0,0,0,0,0,0,0,0,0,0,0,0,0,0,0,0,0,0,0,0,0,0,0,0,0,0,0,0,0,0,0,0,0,6,0,3,0,0,0,1,6,0,0,0,0,0,4,0,3,0,0,3,0,0,0,0,0,0,0,0,0,0,0,0,0,0,0,0,0,3,5,3,5,0,3,3,1,2,0,2,1,0,0,0,0,0,0,0,0,0,0,0,0,0,0,0,0,0,0,0,0,0,0,0,0,0,0,0,0,0,6,0,5,4,0,0,2,0,0,0,2,0,1,4,0
2,,71,Postsubiculum,POST,0,0,0,0,0,0,0,0,0,0,0,0,0,0,0,0,0,0,0,0,0,0,0,0,0,0,0,0,0,2,0,0,0,0,0,0,0,0,0,0,0,0,0,0,0,0,0,0,0,0,0,0,0,0,0,0,0,0,0,0,0,0,0,2,0,4,0,6,3,0,5,4,4,0,4,0,2,3,3,2,1,3,0,3,0,0,0,1,0,1,0,2,0,1,0,1,3,2,2,0,0,0,0,0,0,0,4,0,0,0,0,0,0,0,0,0,0,0,0,0,0,0,0,0,0,0,0,0,0,0,1,0,0,0,0,0,0,0,0,1,4,1,7,0,6,6,0,0,6,6,1,6,0,3
2,,72,"Retrosplenial region, Lateral agranular part",RSPagl,0,0,0,0,0,0,0,0,0,0,0,0,0,0,0,0,0,0,0,0,0,2,0,0,0,0,0,0,0,5,0,0,0,0,0,0,0,0,0,0,0,0,0,0,0,0,0,0,0,0,0,0,0,0,0,0,0,0,0,0,0,0,0,0,0,0,0,0,0,0,0,6,1,0,6,0,0,0,3,0,0,3,0,0,0,0,0,0,0,0,0,0,0,0,0,0,0,0,3,0,0,0,0,0,0,0,6,0,2,0,0,0,1,0,0,0,2,0,0,0,0,0,1,0,0,0,0,0,0,0,0,0,0,0,2,0,0,0,0,0,0,0,0,0,0,0,0,0,0,1,0,6,0,0
2,,73,Parasubiculum,PAR,7,0,0,0,0,0,0,0,0,0,0,0,0,0,0,0,0,0,0,0,0,4,0,0,0,0,0,0,0,4,0,0,0,0,0,0,0,0,0,0,0,0,0,0,0,0,0,0,0,0,0,0,0,0,0,0,0,0,0,0,0,0,0,0,0,0,0,0,0,0,0,4,2,0,3,0,0,7,4,0,0,3,0,0,0,0,0,0,0,0,0,2,0,0,0,0,0,0,3,0,0,0,0,0,0,0,3,0,0,0,0,0,0,0,0,0,0,0,0,0,0,0,0,0,0,0,0,0,0,0,0,0,0,0,2,0,0,0,0,0,5,0,0,0,5,0,0,5,4,0,0,5,0,5
2,,74,Presubiculum,PRE,0,0,0,0,3,0,0,0,0,0,0,0,0,0,0,0,0,0,0,0,0,0,0,0,0,0,0,0,0,0,0,0,0,0,0,0,0,0,0,0,0,0,0,0,0,0,0,0,0,0,0,0,0,0,0,0,0,0,0,0,0,0,0,0,0,0,0,4,0,0,0,0,0,6,0,0,0,4,2,0,5,3,0,2,1,0,3,1,0,2,3,4,0,3,0,2,2,1,0,0,3,0,0,0,1,0,1,0,3,0,0,0,0,0,0,0,0,0,0,0,0,0,0,0,0,0,0,0,0,0,0,0,0,0,0,0,1,0,0,3,2,6,6,0,7,3,6,2,6,3,0,4,0,1
2,,75,Lateral orbital area,ORBl,0,0,0,0,0,0,0,0,0,0,0,0,0,0,0,0,0,0,0,0,0,0,0,0,0,0,0,0,0,7,0,1,0,0,0,0,0,0,0,0,0,0,0,0,0,4,0,0,0,0,0,0,0,4,0,0,0,2,0,0,0,0,0,0,0,0,0,0,0,0,0,4,3,0,3,0,0,0,0,0,0,0,0,0,0,0,0,0,0,0,0,2,0,0,0,0,0,0,4,0,0,0,0,0,0,0,7,0,1,0,0,0,2,0,0,0,0,0,0,0,0,0,4,0,2,0,0,0,2,0,4,0,0,0,2,2,0,0,0,0,0,0,0,0,4,0,0,0,4,4,0,0,0,0
2,,76,Ventrolateral orbital area,ORBvl,0,0,0,0,0,0,0,0,0,0,0,0,0,0,0,0,0,0,0,0,0,0,2,0,3,0,1,0,0,0,0,0,0,0,2,0,0,0,0,0,0,0,0,0,0,0,0,0,0,0,0,0,0,0,0,0,0,0,0,0,0,0,3,0,1,0,0,0,1,0,0,0,0,0,0,5,0,3,2,0,3,0,0,3,0,0,1,0,0,0,3,1,0,0,3,0,0,0,6,4,5,5,0,3,3,1,2,0,4,1,0,4,0,0,0,0,0,0,0,0,0,0,0,0,0,0,0,0,0,0,0,0,0,0,0,0,0,0,0,5,4,3,0,0,1,2,0,1,0,2,5,1,0,0
2,,77,"Retrosplenial region, Ventral Part, Anterior Zone",RSPv,0,0,0,0,0,0,0,0,0,0,0,3,0,0,0,0,0,0,0,0,0,0,0,0,0,0,0,0,0,0,0,0,0,0,0,0,0,0,0,0,0,0,0,0,0,0,0,0,0,0,0,0,0,0,0,0,0,0,0,0,0,0,4,4,0,0,0,1,0,0,1,0,2,0,0,0,6,0,1,0,0,2,0,3,0,2,0,0,5,0,0,3,0,0,0,0,0,0,0,0,0,0,0,0,3,0,0,0,2,0,0,0,0,0,0,0,0,0,0,0,0,0,0,0,0,0,0,0,0,0,0,0,0,0,0,0,0,0,0,6,5,1,5,1,5,5,0,5,0,4,3,1,0,0
